-- phpMyAdmin SQL Dump
-- version 4.8.2
-- https://www.phpmyadmin.net/
--
-- Gép: 127.0.0.1
-- Létrehozás ideje: 2018. Nov 25. 14:06
-- Kiszolgáló verziója: 10.1.34-MariaDB
-- PHP verzió: 7.2.7

SET SQL_MODE = "NO_AUTO_VALUE_ON_ZERO";
SET AUTOCOMMIT = 0;
START TRANSACTION;
SET time_zone = "+00:00";


/*!40101 SET @OLD_CHARACTER_SET_CLIENT=@@CHARACTER_SET_CLIENT */;
/*!40101 SET @OLD_CHARACTER_SET_RESULTS=@@CHARACTER_SET_RESULTS */;
/*!40101 SET @OLD_COLLATION_CONNECTION=@@COLLATION_CONNECTION */;
/*!40101 SET NAMES utf8mb4 */;

--
-- Adatbázis: `tv_guide`
--

-- --------------------------------------------------------

--
-- Tábla szerkezet ehhez a táblához `actors`
--

CREATE TABLE `actors` (
  `id` int(11) NOT NULL,
  `actor_name` varchar(200) COLLATE utf8_hungarian_ci NOT NULL
) ENGINE=InnoDB DEFAULT CHARSET=utf8 COLLATE=utf8_hungarian_ci;

--
-- A tábla adatainak kiíratása `actors`
--

INSERT INTO `actors` (`id`, `actor_name`) VALUES
(1, 'Abubakar Long'),
(2, 'Zion Mcfarlane'),
(3, 'Corbin Browning'),
(4, 'Jules Hickman'),
(5, 'Kelsea Whiteley'),
(6, 'Terrell Tapia'),
(7, 'Gertrude Forbes'),
(8, 'Daniaal Thornton'),
(9, 'Rukhsar Cain'),
(10, 'Elouise Watson'),
(11, 'Alana Curry'),
(12, 'Enzo Mcmanus'),
(13, 'Melinda Anderson'),
(14, 'Perry Saunders'),
(15, 'Hadley Hopkins'),
(16, 'Desiree Delarosa'),
(17, 'Mekhi Corona'),
(18, 'Eliana Salgado'),
(19, 'Dion Robles'),
(20, 'Zayn Roach'),
(21, 'Carter Johnston'),
(22, 'Mike Hayes'),
(23, 'Alan Pollard'),
(24, 'Zaine Mcmahon'),
(25, 'Anderson Donaldson'),
(26, 'Halle Thatcher'),
(27, 'Nana Snow'),
(28, 'Hiba Wooten'),
(29, 'Sapphire Bloggs'),
(30, 'Serena Macfarlane'),
(31, 'Frank Ramos'),
(32, 'Ahmad Woodley'),
(33, 'Artur Conroy'),
(34, 'Ilyas Berry'),
(35, 'Arnas Buchanan'),
(36, 'Abdi Akhtar'),
(37, 'Brittany Carty'),
(38, 'Suleman Terrell'),
(39, 'Reya Buxton'),
(40, 'Delia Delacruz'),
(41, 'Tye Rocha'),
(42, 'Ayaan Dale'),
(43, 'Dotty Underwood'),
(44, 'Anita Carlson'),
(45, 'Bianca Downes'),
(46, 'Karim Giles'),
(47, 'Bridget Coles'),
(48, 'Alexandru Adam'),
(49, 'Gurleen Kenny'),
(50, 'Margo Robertson'),
(51, 'Izzie Horne'),
(52, 'Nikolas Mcfarland'),
(53, 'Brendan Goodman'),
(54, 'Rudra Velez'),
(55, 'Tobey Beasley'),
(56, 'Jeffrey Bauer'),
(57, 'Arandeep Vance'),
(58, 'Arwel Mendoza'),
(59, 'Humayra Bryan'),
(60, 'Rio Mac'),
(61, 'Kaya Solis'),
(62, 'Tommy Graham'),
(63, 'Julie Barlow'),
(64, 'Kirstie Bush'),
(65, 'Emilija Ross'),
(66, 'Musa Greenaway'),
(67, 'Tai Coleman'),
(68, 'Annabel Ashton'),
(69, 'Sophie Carrillo'),
(70, 'Reyansh Valentine'),
(71, 'Genevieve Barber'),
(72, 'Gaia Huynh'),
(73, 'Milena Haines'),
(74, 'Beau Norton'),
(75, 'Emmeline Wills'),
(76, 'Oakley Keith'),
(77, 'Latoya Esquivel'),
(78, 'Harrison Quintero'),
(79, 'Aysha Kaur'),
(80, 'Nial Weston'),
(81, 'Viola Houston'),
(82, 'Ashton Wilkins'),
(83, 'Daisy-May Lester'),
(84, 'Courtney Parrish'),
(85, 'Ellie-Mai Zuniga'),
(86, 'Armaan Fitzgerald'),
(87, 'Wil Irwin'),
(88, 'Sameeha Wormald'),
(89, 'Theon Fleming'),
(90, 'Aydin House'),
(91, 'Kajal Larsen'),
(92, 'Cleveland Merrill'),
(93, 'Carina Erickson'),
(94, 'Luci Marriott'),
(95, 'Dante Mclean'),
(96, 'Ali Christian'),
(97, 'Saqib Phan'),
(98, 'Kyla Whelan');

-- --------------------------------------------------------

--
-- Tábla szerkezet ehhez a táblához `channels`
--

CREATE TABLE `channels` (
  `id` int(11) NOT NULL,
  `channel_name` varchar(150) COLLATE utf8_hungarian_ci NOT NULL,
  `channel_category_id` int(11) NOT NULL,
  `channel_logo` varchar(255) COLLATE utf8_hungarian_ci NOT NULL,
  `channel_id` varchar(100) COLLATE utf8_hungarian_ci NOT NULL,
  `short_description` text COLLATE utf8_hungarian_ci NOT NULL
) ENGINE=InnoDB DEFAULT CHARSET=utf8 COLLATE=utf8_hungarian_ci;

--
-- A tábla adatainak kiíratása `channels`
--

INSERT INTO `channels` (`id`, `channel_name`, `channel_category_id`, `channel_logo`, `channel_id`, `short_description`) VALUES
(1, 'Animal Planet', 2, '/public/img/animal_planet_logo.jpg', 'ANIMAL', 'Lorem ipsum dolor sit amet, consectetur adipiscing elit. Vivamus mi augue, viverra sit amet ultricies'),
(2, 'Comedy Central', 1, '/public/img/comedy_central_logo.png', 'COMEDY', 'A Comedy Central bemutatja, South Park, Family Guy, Agymenők, Így jártam anyátokkal'),
(3, 'DIGI Sport 1', 3, '/public/img/digisport1_logo.jpeg', 'DIGISPORT1', 'A nap hőse, Sport 24, Reggeli Start, Go Bike magazin, Rögbi, Vízilabda, Labdarúgás'),
(4, 'Discovery Channel', 2, '/public/img/discovery_channel_logo.jpg', 'DISCOVERY', 'Hogyan készült?, Raktárvadászak, Aranyláz Alaszkában, Escobar milliói, Illegális gyorsulási versenyek'),
(5, 'Eurosport 1', 3, '/public/img/eurosport_logo.jpg', 'EUROSPORT', 'Watts, Snooker, Kerékpár, Tenisz, Súlyemelés, Síugrás, Extrém Sportok, Vívás'),
(6, 'Film+', 1, '/public/img/film_plus_logo.jpg', 'FILMPLUS', 'Terminátor, Harcban élve, Kaptár 3, Zimmer Frei II., Red 2, A karate kölyök, District 9'),
(7, 'HISTORY', 2, '/public/img/history_logo.png', 'HISTORY', 'Amerikai kincskeresők, Zálogcsillagok, Vadászat Hitlerre, Tűzben edzett, Oak Island Átka'),
(8, 'M4 Sport', 3, '/public/img/m4_logo.jpg', 'M4_SPORT', 'Puskás Akadémia magazin, M4 Sportreggeli, Építők, Fradi Tv magazin, Pecatúra magazin'),
(9, 'National Geographic', 2, '/public/img/download.png', 'NATGEO', 'Légikatasztrófák, Isten nyomában Morgan Freemannel, Pedig jó ötletnek tűnt, Gyáróriások'),
(10, 'RTL Klub', 1, '/public/img/rtl_logo.png', 'RTL', 'Éjjel-Nappal Budapest, A Fal, Jó Reggelt Skacok, Reggeli, Story Extra, Fókusz, Konyhafőnök'),
(11, 'Spektrum', 2, '/public/img/spektrum_logo.png', 'SPEKTRUM', 'Behálózva, Gigantikus építmények, Bolygónk a Föld, Beépített főnök, Az állatvilág csodái'),
(12, 'Sport1', 3, '/public/img/sport1_logo.jpg', 'SPORT1', 'Darts Premier League, Trash Talk, Football: Bajnokok Ligája, Sportgazdaság, Sportverda'),
(13, 'Sport2', 3, '/public/img/sport2_logo.jpeg', 'SPORT2', 'Út Kijevbe, Mai helyzet, Kezeket fel, Erős emberek, Cselgáncs, Lóverseny, Ökölvívás'),
(14, 'TV2', 1, '/public/img/tv2_logo.png', 'TV2', 'Jóban Rosszban, Tények, MOKKA, Piramis, Áll az alku, Drágám add az életed!, Csapdába csalva'),
(15, 'VIASAT3', 1, '/public/img/viasat3_logo.jpg', 'VIASAT3', 'A mentalista, Castle, Jóbarátok, Agymenők, Két pasi - meg egy kicsi, Ide süss!');

-- --------------------------------------------------------

--
-- Tábla szerkezet ehhez a táblához `channel_categories`
--

CREATE TABLE `channel_categories` (
  `id` int(11) NOT NULL,
  `channel_category_name` varchar(100) COLLATE utf8_hungarian_ci NOT NULL,
  `page` varchar(25) COLLATE utf8_hungarian_ci NOT NULL
) ENGINE=InnoDB DEFAULT CHARSET=utf8 COLLATE=utf8_hungarian_ci;

--
-- A tábla adatainak kiíratása `channel_categories`
--

INSERT INTO `channel_categories` (`id`, `channel_category_name`, `page`) VALUES
(1, 'Szórakoztató csatornák', 'comedy'),
(2, 'Ismeretterjesztő csatornák', 'nature'),
(3, 'Sport csatornák', 'sport');

-- --------------------------------------------------------

--
-- Tábla szerkezet ehhez a táblához `shows`
--

CREATE TABLE `shows` (
  `id` int(11) NOT NULL,
  `show_name` varchar(255) COLLATE utf8_hungarian_ci NOT NULL,
  `channel_id` int(11) NOT NULL,
  `show_category_id` int(11) NOT NULL,
  `start_date` datetime NOT NULL,
  `end_date` datetime NOT NULL,
  `actor_ids` varchar(10) COLLATE utf8_hungarian_ci NOT NULL
) ENGINE=InnoDB DEFAULT CHARSET=utf8 COLLATE=utf8_hungarian_ci;

--
-- A tábla adatainak kiíratása `shows`
--

INSERT INTO `shows` (`id`, `show_name`, `channel_id`, `show_category_id`, `start_date`, `end_date`, `actor_ids`) VALUES
(1, 'Amerika lenyűgöző folyói', 11, 0, '2018-11-11 23:05:00', '2018-11-12 00:00:00', '78,76'),
(2, 'Rick és Morty', 2, 3, '2018-11-11 23:30:00', '2018-11-12 00:00:00', '14,65'),
(3, 'Az oroszlánkirálynő', 1, 3, '2018-11-11 23:40:00', '2018-11-12 00:35:00', '31,10'),
(4, 'Kékek', 12, 3, '2018-11-11 23:45:00', '2018-11-12 00:15:00', '46,81'),
(5, 'Miért utálja mindenki az angolokat?', 7, 8, '2018-11-11 23:50:00', '2018-11-12 00:45:00', '71,25'),
(6, 'Brickleberry', 2, 8, '2018-11-12 00:00:00', '2018-11-12 00:30:00', '18,40'),
(7, 'Félbehagyott mérnöki megoldások', 4, 8, '2018-11-12 00:00:00', '2018-11-12 01:00:00', '54,88'),
(8, 'Eurosport Hírek', 5, 8, '2018-11-12 00:00:00', '2018-11-12 00:05:00', '55,34'),
(9, 'II. világháború: A csendes-óceáni hadszíntér', 9, 8, '2018-11-12 00:00:00', '2018-11-12 01:00:00', '85,93'),
(10, 'Ross Kemp - Veszett világ', 11, 8, '2018-11-12 00:00:00', '2018-11-12 00:55:00', '93,54'),
(11, 'Sportok', 5, 8, '2018-11-12 00:05:00', '2018-11-12 00:30:00', '21,82'),
(12, 'Sport 24', 3, 8, '2018-11-12 00:10:00', '2018-11-12 00:20:00', '21,39'),
(13, 'Autósport', 12, 10, '2018-11-12 00:15:00', '2018-11-12 00:45:00', '33,6'),
(14, 'Tenisz', 3, 10, '2018-11-12 00:20:00', '2018-11-12 05:55:00', '21,83'),
(15, 'Trendközelben', 15, 10, '2018-11-12 00:20:00', '2018-11-12 00:50:00', '44,65'),
(16, 'South Park', 2, 10, '2018-11-12 00:30:00', '2018-11-12 01:00:00', '32,52'),
(17, 'Rögbi', 5, 10, '2018-11-12 00:30:00', '2018-11-12 02:00:00', '78,22'),
(18, 'Droghadsereg', 6, 10, '2018-11-12 00:30:00', '2018-11-12 02:10:00', '78,80'),
(19, 'Az oroszlánkirálynő', 1, 10, '2018-11-12 00:35:00', '2018-11-12 01:25:00', '40,94'),
(20, 'Raktár-háborúk', 7, 58, '2018-11-12 00:45:00', '2018-11-12 01:10:00', '90,49'),
(21, 'A Bundesliga csapatai', 12, 58, '2018-11-12 00:45:00', '2018-11-12 01:00:00', '92,64'),
(22, 'Időutazók', 15, 58, '2018-11-12 00:50:00', '2018-11-12 01:35:00', '15,31'),
(23, 'A világűr felfedezése', 11, 58, '2018-11-12 00:55:00', '2018-11-12 01:20:00', '5,91'),
(24, 'South Park', 2, 58, '2018-11-12 01:00:00', '2018-11-12 01:20:00', '20,77'),
(25, 'Bear Grylls: A sziget', 4, 58, '2018-11-12 01:00:00', '2018-11-12 02:00:00', '11,93'),
(26, 'Vízilabda közvetítés', 8, 58, '2018-11-12 01:00:00', '2018-11-12 02:15:00', '34,82'),
(27, 'Történelmi vérátömlesztés', 9, 58, '2018-11-12 01:00:00', '2018-11-12 01:48:00', '93,61'),
(28, 'Labdarúgás', 12, 58, '2018-11-12 01:00:00', '2018-11-12 03:00:00', '77,34'),
(29, 'Kezeket fel! a Sport TV kézimagazinja', 13, 58, '2018-11-12 01:00:00', '2018-11-12 01:15:00', '95,60'),
(30, 'Raktár-háborúk', 7, 58, '2018-11-12 01:10:00', '2018-11-12 01:35:00', '45,81'),
(31, 'NFL', 13, 58, '2018-11-12 01:15:00', '2018-11-12 04:45:00', '81,96'),
(32, 'South Park', 2, 58, '2018-11-12 01:20:00', '2018-11-12 01:45:00', '23,39'),
(33, 'A világűr felfedezése', 11, 58, '2018-11-12 01:20:00', '2018-11-12 01:45:00', '83,3'),
(34, 'Doktor House', 14, 58, '2018-11-12 01:20:00', '2018-11-12 02:15:00', '90,73'),
(35, 'Az oroszlánkirálynő', 1, 58, '2018-11-12 01:25:00', '2018-11-12 02:15:00', '15,53'),
(36, 'Zálogcsillagok', 7, 58, '2018-11-12 01:35:00', '2018-11-12 01:55:00', '85,83'),
(37, 'Homeland: A belső ellenség', 10, 58, '2018-11-12 01:35:00', '2018-11-12 03:00:00', '27,21'),
(38, 'Időutazók', 15, 58, '2018-11-12 01:35:00', '2018-11-12 02:15:00', '89,65'),
(39, 'South Park', 2, 58, '2018-11-12 01:45:00', '2018-11-12 02:05:00', '10,71'),
(40, 'Keleti filozófia nyugati szemmel', 11, 58, '2018-11-12 01:45:00', '2018-11-12 02:35:00', '5,63'),
(41, 'JFK - Az utolsó órák', 9, 58, '2018-11-12 01:48:00', '2018-11-12 03:24:00', '92,74'),
(42, 'Zálogcsillagok', 7, 58, '2018-11-12 01:55:00', '2018-11-12 02:20:00', '83,92'),
(43, 'A nindzsa kihívás', 4, 56, '2018-11-12 02:00:00', '2018-11-12 02:50:00', '53,22'),
(44, 'Sportok', 5, 56, '2018-11-12 02:00:00', '2018-11-12 03:00:00', '13,24'),
(45, 'South Park', 2, 56, '2018-11-12 02:05:00', '2018-11-12 02:30:00', '54,10'),
(46, 'Elit alakulat a zombik ellen', 6, 56, '2018-11-12 02:10:00', '2018-11-12 03:55:00', '59,20'),
(47, 'Az oroszlánkirálynő', 1, 56, '2018-11-12 02:15:00', '2018-11-12 03:02:00', '34,52'),
(48, 'Labdarúgó közvetítés', 8, 56, '2018-11-12 02:15:00', '2018-11-12 04:05:00', '83,60'),
(49, 'Fejjel a falnak', 14, 56, '2018-11-12 02:15:00', '2018-11-12 03:00:00', '1,45'),
(50, 'Sütimester Ausztrália', 15, 8, '2018-11-12 02:15:00', '2018-11-12 05:00:00', '95,29'),
(51, 'Zálogcsillagok', 7, 58, '2018-11-12 02:20:00', '2018-11-12 02:45:00', '60,30'),
(52, 'Az utolsó ember a földön', 2, 58, '2018-11-12 02:30:00', '2018-11-12 02:55:00', '87,96'),
(53, 'A világháborúk', 11, 58, '2018-11-12 02:35:00', '2018-11-12 03:25:00', '7,47'),
(54, 'Zálogcsillagok', 7, 58, '2018-11-12 02:45:00', '2018-11-12 03:05:00', '94,89'),
(55, 'Autókereskedők', 4, 100, '2018-11-12 02:50:00', '2018-11-12 03:40:00', '74,37'),
(56, 'Az utolsó ember a földön', 2, 100, '2018-11-12 02:55:00', '2018-11-12 03:20:00', '85,83'),
(57, 'Olimpiai Játékok', 5, 100, '2018-11-12 03:00:00', '2018-11-12 04:00:00', '50,65'),
(58, 'Barátok közt', 10, 100, '2018-11-12 03:00:00', '2018-11-12 03:30:00', '56,70'),
(59, 'Labdarúgás', 12, 100, '2018-11-12 03:00:00', '2018-11-12 05:00:00', '27,82'),
(60, 'Hawaii Five-0', 14, 100, '2018-11-12 03:00:00', '2018-11-12 03:45:00', '22,40'),
(61, 'Állatrendőrség Houstonban', 1, 100, '2018-11-12 03:02:00', '2018-11-12 03:49:00', '31,72'),
(62, 'Zálogcsillagok', 7, 58, '2018-11-12 03:05:00', '2018-11-12 03:30:00', '36,39'),
(63, 'Az utolsó ember a földön', 2, 58, '2018-11-12 03:20:00', '2018-11-12 03:45:00', '36,29'),
(64, 'Szigorúan titkos bevetések', 9, 16, '2018-11-12 03:24:00', '2018-11-12 04:12:00', '89,23'),
(65, 'A természet magyar fotósai', 11, 100, '2018-11-12 03:25:00', '2018-11-12 03:40:00', '28,39'),
(66, 'Zálogcsillagok', 7, 58, '2018-11-12 03:30:00', '2018-11-12 03:50:00', '51,75'),
(67, 'Magyarul Balóval', 10, 58, '2018-11-12 03:30:00', '2018-11-12 04:05:00', '74,45'),
(68, 'Autókereskedők', 4, 100, '2018-11-12 03:40:00', '2018-11-12 04:30:00', '12,16'),
(69, 'A Concorde tündöklése és bukása', 11, 16, '2018-11-12 03:40:00', '2018-11-12 04:30:00', '84,32'),
(70, 'Az utolsó ember a földön', 2, 16, '2018-11-12 03:45:00', '2018-11-12 04:10:00', '11,66'),
(71, 'Csapdába csalva', 14, 58, '2018-11-12 03:45:00', '2018-11-12 04:15:00', '74,39'),
(72, 'Állatrendőrség Houstonban', 1, 100, '2018-11-12 03:49:00', '2018-11-12 04:36:00', '61,82'),
(73, 'Zálogcsillagok', 7, 58, '2018-11-12 03:50:00', '2018-11-12 04:15:00', '62,36'),
(74, 'Asterix, a gall', 6, 58, '2018-11-12 03:55:00', '2018-11-12 05:00:00', '87,69'),
(75, 'Olimpiai Játékok', 5, 58, '2018-11-12 04:00:00', '2018-11-12 04:30:00', '20,65'),
(76, 'Építők', 8, 7, '2018-11-12 04:05:00', '2018-11-12 04:25:00', '6,11'),
(77, 'Top Shop', 10, 7, '2018-11-12 04:05:00', '2018-11-12 04:35:00', '74,68'),
(78, 'Bob Burgerfalodája', 2, 7, '2018-11-12 04:10:00', '2018-11-12 04:35:00', '53,27'),
(79, 'Amerika legkeményebb börtönei', 9, 7, '2018-11-12 04:12:00', '2018-11-12 05:00:00', '45,64'),
(80, 'A polgárháborús arany átka', 7, 16, '2018-11-12 04:15:00', '2018-11-12 05:00:00', '7,41'),
(81, 'Tűsarok', 14, 16, '2018-11-12 04:15:00', '2018-11-12 04:20:00', '10,50'),
(82, 'Szívdobbanás', 14, 16, '2018-11-12 04:20:00', '2018-11-12 05:20:00', '19,74'),
(83, 'Rövidpályás Gyorskorcsolya Világkupa', 8, 16, '2018-11-12 04:25:00', '2018-11-12 05:30:00', '88,25'),
(84, 'Hogyan csinálják?', 4, 16, '2018-11-12 04:30:00', '2018-11-12 05:00:00', '5,33'),
(85, 'Labdarúgás', 5, 16, '2018-11-12 04:30:00', '2018-11-12 06:00:00', '28,92'),
(86, 'Behálózva', 11, 100, '2018-11-12 04:30:00', '2018-11-12 05:00:00', '89,11'),
(87, 'Bob Burgerfalodája', 2, 100, '2018-11-12 04:35:00', '2018-11-12 05:00:00', '56,53'),
(88, 'Jó reggelt, skacok!', 10, 100, '2018-11-12 04:35:00', '2018-11-12 06:15:00', '33,10'),
(89, 'Echo és az Amboseli elefántjai', 1, 100, '2018-11-12 04:36:00', '2018-11-12 05:00:00', '48,89'),
(90, 'Kezeket fel! a Sport TV kézimagazinja', 13, 100, '2018-11-12 04:45:00', '2018-11-12 05:00:00', '67,34'),
(91, 'Echo és az Amboseli elefántjai', 1, 100, '2018-11-12 05:00:00', '2018-11-12 05:25:00', '69,29'),
(92, 'Family Guy', 2, 100, '2018-11-12 05:00:00', '2018-11-12 05:30:00', '1,50'),
(93, 'Hogyan csinálják?', 4, 100, '2018-11-12 05:00:00', '2018-11-12 05:25:00', '56,21'),
(94, 'Televíziós vásárlás', 6, 100, '2018-11-12 05:00:00', '2018-11-12 08:00:00', '8,10'),
(95, 'Detroiti acél', 7, 56, '2018-11-12 05:00:00', '2018-11-12 05:45:00', '55,68'),
(96, 'Légikatasztrófák', 9, 100, '2018-11-12 05:00:00', '2018-11-12 06:00:00', '43,27'),
(97, 'A világ pusztuló csodái', 11, 100, '2018-11-12 05:00:00', '2018-11-12 05:50:00', '17,61'),
(98, 'Televíziós vásárlás', 12, 100, '2018-11-12 05:00:00', '2018-11-12 06:30:00', '46,53'),
(99, 'Sportgazdaság', 13, 100, '2018-11-12 05:00:00', '2018-11-12 06:00:00', '68,90'),
(100, 'TV SHOP', 15, 100, '2018-11-12 05:00:00', '2018-11-12 05:30:00', '82,15'),
(101, 'Mokka', 14, 100, '2018-11-12 05:20:00', '2018-11-12 05:25:00', '21,17'),
(102, 'Az oroszlánkirálynő', 1, 100, '2018-11-12 05:25:00', '2018-11-12 06:15:00', '38,12'),
(103, 'Amcsi benzinfalók', 4, 100, '2018-11-12 05:25:00', '2018-11-12 06:15:00', '68,54'),
(104, 'Tények Reggel', 14, 100, '2018-11-12 05:25:00', '2018-11-12 05:55:00', '50,8'),
(105, 'Family Guy', 2, 100, '2018-11-12 05:30:00', '2018-11-12 06:00:00', '68,28'),
(106, 'Sporthíradó', 8, 100, '2018-11-12 05:30:00', '2018-11-12 06:00:00', '7,47'),
(107, 'Jóbarátok', 15, 100, '2018-11-12 05:30:00', '2018-11-12 05:55:00', '21,62'),
(108, 'Zálogcsillagok', 7, 58, '2018-11-12 05:45:00', '2018-11-12 06:10:00', '66,71'),
(109, 'A természetfilmezés kulisszatitkai', 11, 100, '2018-11-12 05:50:00', '2018-11-12 06:05:00', '90,88'),
(110, 'Reggeli Start', 3, 100, '2018-11-12 05:55:00', '2018-11-12 07:30:00', '6,33'),
(111, 'Mokka', 14, 100, '2018-11-12 05:55:00', '2018-11-12 07:50:00', '5,57'),
(112, 'Jóbarátok', 15, 100, '2018-11-12 05:55:00', '2018-11-12 06:20:00', '82,27'),
(113, 'Már megint Malcolm', 2, 100, '2018-11-12 06:00:00', '2018-11-12 06:30:00', '22,86'),
(114, 'Labdarúgás', 5, 100, '2018-11-12 06:00:00', '2018-11-12 07:30:00', '19,49'),
(115, 'Sporthíradó', 8, 100, '2018-11-12 06:00:00', '2018-11-12 06:35:00', '84,17'),
(116, 'Dr. Pol állatklinikája', 9, 16, '2018-11-12 06:00:00', '2018-11-12 07:00:00', '36,33'),
(117, 'Televíziós vásárlás', 13, 16, '2018-11-12 06:00:00', '2018-11-12 08:00:00', '17,63'),
(118, 'Vadászat', 11, 58, '2018-11-12 06:05:00', '2018-11-12 07:05:00', '63,84'),
(119, 'Amerikai kincskeresők', 7, 58, '2018-11-12 06:10:00', '2018-11-12 07:00:00', '11,68'),
(120, 'Állatrendőrség Houstonban', 1, 100, '2018-11-12 06:15:00', '2018-11-12 07:10:00', '76,54'),
(121, 'A túlélés törvényei', 4, 100, '2018-11-12 06:15:00', '2018-11-12 07:05:00', '43,44'),
(122, 'Reggeli', 10, 100, '2018-11-12 06:15:00', '2018-11-12 08:20:00', '50,57'),
(123, 'Jóbarátok', 15, 100, '2018-11-12 06:20:00', '2018-11-12 06:50:00', '38,1'),
(124, 'Már megint Malcolm', 2, 100, '2018-11-12 06:30:00', '2018-11-12 07:00:00', '85,48'),
(125, 'Labdarúgás', 12, 100, '2018-11-12 06:30:00', '2018-11-12 07:00:00', '50,58'),
(126, 'SPORT7', 8, 100, '2018-11-12 06:35:00', '2018-11-12 07:35:00', '80,54'),
(127, 'Jóbarátok', 15, 100, '2018-11-12 06:50:00', '2018-11-12 07:15:00', '58,74'),
(128, 'Agymenők', 2, 100, '2018-11-12 07:00:00', '2018-11-12 07:30:00', '65,64'),
(129, 'Amerikai kincskeresők', 7, 58, '2018-11-12 07:00:00', '2018-11-12 07:55:00', '94,9'),
(130, 'Dr. Pol állatklinikája', 9, 16, '2018-11-12 07:00:00', '2018-11-12 08:00:00', '76,91'),
(131, 'Labdarúgás', 12, 16, '2018-11-12 07:00:00', '2018-11-12 09:00:00', '90,36'),
(132, 'Raktárvadászok', 4, 100, '2018-11-12 07:05:00', '2018-11-12 07:30:00', '97,53'),
(133, 'Mérnöki csúcsteljesítmények', 11, 100, '2018-11-12 07:05:00', '2018-11-12 08:05:00', '52,91'),
(134, 'A krokodilvadász - a legjobb pillanatok', 1, 100, '2018-11-12 07:10:00', '2018-11-12 08:05:00', '72,21'),
(135, 'Agymenők', 15, 100, '2018-11-12 07:15:00', '2018-11-12 07:50:00', '58,24'),
(136, 'Agymenők', 2, 100, '2018-11-12 07:30:00', '2018-11-12 08:00:00', '56,9'),
(137, 'Sport 24', 3, 100, '2018-11-12 07:30:00', '2018-11-12 07:40:00', '3,73'),
(138, 'Az alkukirály', 4, 100, '2018-11-12 07:30:00', '2018-11-12 08:00:00', '92,36'),
(139, 'Sportok', 5, 100, '2018-11-12 07:30:00', '2018-11-12 08:00:00', '60,51'),
(140, 'Bringasport magazin', 8, 100, '2018-11-12 07:35:00', '2018-11-12 07:55:00', '7,47'),
(141, 'A nap hőse', 3, 100, '2018-11-12 07:40:00', '2018-11-12 07:50:00', '1,43'),
(142, 'Labdarúgás', 3, 100, '2018-11-12 07:50:00', '2018-11-12 09:40:00', '79,15'),
(143, 'Topshop', 14, 100, '2018-11-12 07:50:00', '2018-11-12 09:00:00', '65,14'),
(144, 'Agymenők', 15, 100, '2018-11-12 07:50:00', '2018-11-12 08:15:00', '32,66'),
(145, 'Tűzben edzett', 7, 58, '2018-11-12 07:55:00', '2018-11-12 08:55:00', '74,15'),
(146, 'Góóól!2', 8, 7, '2018-11-12 07:55:00', '2018-11-12 09:00:00', '44,84'),
(147, 'Agymenők', 2, 7, '2018-11-12 08:00:00', '2018-11-12 08:30:00', '37,10'),
(148, 'Licitvadászok', 4, 58, '2018-11-12 08:00:00', '2018-11-12 08:30:00', '27,18'),
(149, 'Asztalitenisz', 5, 58, '2018-11-12 08:00:00', '2018-11-12 09:00:00', '93,60'),
(150, 'Laura csillaga és az álomszörnyek', 6, 58, '2018-11-12 08:00:00', '2018-11-12 09:05:00', '15,53'),
(151, 'Tárcsázza Cesar Millant!', 9, 16, '2018-11-12 08:00:00', '2018-11-12 09:00:00', '28,24'),
(152, 'Kezeket fel! a Sport TV kézimagazinja', 13, 16, '2018-11-12 08:00:00', '2018-11-12 08:15:00', '62,4'),
(153, 'Ausztrál állatkert - Steve Irwin öröksége', 1, 16, '2018-11-12 08:05:00', '2018-11-12 09:00:00', '95,4'),
(154, 'A tengerek királynője', 11, 8, '2018-11-12 08:05:00', '2018-11-12 09:00:00', '52,73'),
(155, 'Kézilabda', 13, 8, '2018-11-12 08:15:00', '2018-11-12 10:15:00', '38,1'),
(156, 'Szívek szállodája', 15, 8, '2018-11-12 08:15:00', '2018-11-12 09:15:00', '17,59'),
(157, 'Asztro-Show', 10, 8, '2018-11-12 08:20:00', '2018-11-12 09:25:00', '24,81'),
(158, 'Agymenők', 2, 8, '2018-11-12 08:30:00', '2018-11-12 09:00:00', '47,34'),
(159, 'Angliai raktárvadászok', 4, 58, '2018-11-12 08:30:00', '2018-11-12 09:00:00', '65,36'),
(160, 'Zálogcsillagok', 7, 58, '2018-11-12 08:55:00', '2018-11-12 09:25:00', '79,56'),
(161, 'Mekong - a folyó lelke', 1, 58, '2018-11-12 09:00:00', '2018-11-12 09:55:00', '98,79'),
(162, 'A Goldberg család', 2, 58, '2018-11-12 09:00:00', '2018-11-12 09:30:00', '27,81'),
(163, 'Mérnöki műtárgyak', 4, 58, '2018-11-12 09:00:00', '2018-11-12 10:00:00', '59,54'),
(164, 'Olimpiai Játékok', 5, 58, '2018-11-12 09:00:00', '2018-11-12 09:30:00', '60,34'),
(165, 'Sporthíradó', 8, 58, '2018-11-12 09:00:00', '2018-11-12 09:30:00', '96,6'),
(166, 'Alaszkai ezermesterek', 9, 58, '2018-11-12 09:00:00', '2018-11-12 10:00:00', '65,46'),
(167, 'Élet a nomádok között', 11, 103, '2018-11-12 09:00:00', '2018-11-12 10:05:00', '89,3'),
(168, 'Televíziós vásárlás', 12, 103, '2018-11-12 09:00:00', '2018-11-12 10:00:00', '53,55'),
(169, 'Teleshop', 14, 103, '2018-11-12 09:00:00', '2018-11-12 09:45:00', '24,11'),
(170, 'Sárkányok háborúja', 6, 103, '2018-11-12 09:05:00', '2018-11-12 11:10:00', '89,24'),
(171, 'Szívek szállodája', 15, 103, '2018-11-12 09:15:00', '2018-11-12 10:10:00', '49,14'),
(172, 'Zálogcsillagok', 7, 58, '2018-11-12 09:25:00', '2018-11-12 09:50:00', '49,29'),
(173, 'Top Shop', 10, 58, '2018-11-12 09:25:00', '2018-11-12 11:10:00', '86,3'),
(174, 'A Goldberg család', 2, 58, '2018-11-12 09:30:00', '2018-11-12 10:00:00', '85,61'),
(175, 'Olimpiai Játékok', 5, 58, '2018-11-12 09:30:00', '2018-11-12 10:30:00', '91,66'),
(176, 'Jövünk!', 8, 58, '2018-11-12 09:30:00', '2018-11-12 10:15:00', '47,45'),
(177, 'Labdarúgás', 3, 58, '2018-11-12 09:40:00', '2018-11-12 11:30:00', '30,93'),
(178, 'Astro-Világ', 14, 58, '2018-11-12 09:45:00', '2018-11-12 11:00:00', '78,40'),
(179, 'Zálogcsillagok', 7, 58, '2018-11-12 09:50:00', '2018-11-12 10:20:00', '98,3'),
(180, 'A második esély', 1, 103, '2018-11-12 09:55:00', '2018-11-12 10:50:00', '70,19'),
(181, 'Modern Család', 2, 103, '2018-11-12 10:00:00', '2018-11-12 10:30:00', '16,94'),
(182, 'Hogyan készül?', 4, 103, '2018-11-12 10:00:00', '2018-11-12 10:30:00', '41,18'),
(183, 'Tényleg így készül?!', 9, 103, '2018-11-12 10:00:00', '2018-11-12 10:30:00', '4,42'),
(184, 'Labdarúgás', 12, 103, '2018-11-12 10:00:00', '2018-11-12 12:00:00', '49,30'),
(185, 'Oroszországtól Iránig: Át a vad határon', 11, 103, '2018-11-12 10:05:00', '2018-11-12 11:05:00', '44,49'),
(186, 'Szellemekkel suttogó', 15, 103, '2018-11-12 10:10:00', '2018-11-12 11:10:00', '18,82'),
(187, 'Kézilabda közvetítés', 8, 103, '2018-11-12 10:15:00', '2018-11-12 12:00:00', '7,93'),
(188, 'Televíziós vásárlás', 13, 103, '2018-11-12 10:15:00', '2018-11-12 10:45:00', '50,36'),
(189, 'Zálogcsillagok', 7, 58, '2018-11-12 10:20:00', '2018-11-12 10:50:00', '31,48'),
(190, 'Modern Család', 2, 58, '2018-11-12 10:30:00', '2018-11-12 11:00:00', '68,33'),
(191, 'Hogyan csinálják?', 4, 58, '2018-11-12 10:30:00', '2018-11-12 11:00:00', '4,2'),
(192, 'Cselgáncs', 5, 58, '2018-11-12 10:30:00', '2018-11-12 10:35:00', '70,75'),
(193, 'Tényleg így készül?!', 9, 58, '2018-11-12 10:30:00', '2018-11-12 11:00:00', '7,9'),
(194, 'Olimpiai Játékok', 5, 58, '2018-11-12 10:35:00', '2018-11-12 11:00:00', '25,44'),
(195, 'Kézilabda', 13, 58, '2018-11-12 10:45:00', '2018-11-12 12:45:00', '69,30'),
(196, 'Ködfoltos párducok', 1, 58, '2018-11-12 10:50:00', '2018-11-12 11:45:00', '27,8'),
(197, 'Amerikai kincskeresők', 7, 58, '2018-11-12 10:50:00', '2018-11-12 11:45:00', '90,88'),
(198, 'Modern Család', 2, 58, '2018-11-12 11:00:00', '2018-11-12 11:30:00', '43,86'),
(199, 'Ausztrál kamionosok', 4, 58, '2018-11-12 11:00:00', '2018-11-12 12:00:00', '96,16'),
(200, 'Műkorcsolya', 5, 58, '2018-11-12 11:00:00', '2018-11-12 12:55:00', '74,28'),
(201, 'Légikatasztrófák', 9, 100, '2018-11-12 11:00:00', '2018-11-12 12:00:00', '55,89'),
(202, 'Tények Délben', 14, 100, '2018-11-12 11:00:00', '2018-11-12 11:30:00', '19,93'),
(203, 'Így működik a Világegyetem', 11, 100, '2018-11-12 11:05:00', '2018-11-12 12:00:00', '4,83'),
(204, 'Asterix és Obelix: Isten óvja Britanniát!', 6, 100, '2018-11-12 11:10:00', '2018-11-12 13:15:00', '85,72'),
(205, 'Pacsi!', 10, 100, '2018-11-12 11:10:00', '2018-11-12 11:40:00', '23,90'),
(206, 'A mentalista', 15, 100, '2018-11-12 11:10:00', '2018-11-12 12:05:00', '44,85'),
(207, 'Modern Család', 2, 100, '2018-11-12 11:30:00', '2018-11-12 12:00:00', '32,52'),
(208, 'Köz/vetítők', 3, 100, '2018-11-12 11:30:00', '2018-11-12 12:00:00', '70,91'),
(209, 'Walker, a texasi kopó', 14, 100, '2018-11-12 11:30:00', '2018-11-12 12:35:00', '92,51'),
(210, 'Fókusz', 10, 100, '2018-11-12 11:40:00', '2018-11-12 12:10:00', '39,9'),
(211, 'Állati nyomozók', 1, 16, '2018-11-12 11:45:00', '2018-11-12 12:40:00', '27,96'),
(212, 'Raktár-háborúk', 7, 58, '2018-11-12 11:45:00', '2018-11-12 12:15:00', '69,86'),
(213, 'A Goldberg család', 2, 58, '2018-11-12 12:00:00', '2018-11-12 12:30:00', '6,98'),
(214, 'Tenisz', 3, 58, '2018-11-12 12:00:00', '2018-11-12 14:00:00', '43,31'),
(215, 'Aranyláz Alaszkában', 4, 82, '2018-11-12 12:00:00', '2018-11-12 13:00:00', '49,60'),
(216, 'Sporthíradó', 8, 82, '2018-11-12 12:00:00', '2018-11-12 12:25:00', '15,52'),
(217, 'Légikatasztrófák', 9, 100, '2018-11-12 12:00:00', '2018-11-12 13:00:00', '64,53'),
(218, 'Az a titokzatos kilenc hónap', 11, 16, '2018-11-12 12:00:00', '2018-11-12 13:05:00', '28,88'),
(219, 'Labdarúgás', 12, 16, '2018-11-12 12:00:00', '2018-11-12 14:00:00', '96,89'),
(220, 'Glades - Tengerparti gyilkosságok', 15, 16, '2018-11-12 12:05:00', '2018-11-12 13:05:00', '38,31'),
(221, 'Éjjel-nappal Budapest', 10, 16, '2018-11-12 12:10:00', '2018-11-12 13:30:00', '87,17'),
(222, 'Raktár-háborúk', 7, 58, '2018-11-12 12:15:00', '2018-11-12 12:45:00', '53,68'),
(223, 'Tollaslabda', 8, 58, '2018-11-12 12:25:00', '2018-11-12 13:20:00', '51,11'),
(224, 'A Goldberg család', 2, 58, '2018-11-12 12:30:00', '2018-11-12 13:00:00', '4,52'),
(225, 'Walker, a texasi kopó', 14, 58, '2018-11-12 12:35:00', '2018-11-12 13:40:00', '22,57'),
(226, 'Örökbefogadó sztárok', 1, 58, '2018-11-12 12:40:00', '2018-11-12 13:35:00', '93,14'),
(227, 'Texasi raktárháborúk', 7, 58, '2018-11-12 12:45:00', '2018-11-12 13:15:00', '55,74'),
(228, 'Kézilabda', 13, 58, '2018-11-12 12:45:00', '2018-11-12 14:30:00', '87,5'),
(229, 'Snooker', 5, 58, '2018-11-12 12:55:00', '2018-11-12 17:00:00', '15,63'),
(230, 'Agymenők', 2, 58, '2018-11-12 13:00:00', '2018-11-12 13:30:00', '58,79'),
(231, 'Az igazi prémvadászok', 4, 100, '2018-11-12 13:00:00', '2018-11-12 14:00:00', '46,16'),
(232, 'Garázs varázs', 9, 58, '2018-11-12 13:00:00', '2018-11-12 14:00:00', '3,95'),
(233, 'Esélytelenül a harcmezőn', 11, 95, '2018-11-12 13:05:00', '2018-11-12 14:00:00', '79,31'),
(234, 'Castle', 15, 95, '2018-11-12 13:05:00', '2018-11-12 14:00:00', '15,83'),
(235, 'A maszk', 6, 95, '2018-11-12 13:15:00', '2018-11-12 15:15:00', '32,86'),
(236, 'Texasi raktárháborúk', 7, 58, '2018-11-12 13:15:00', '2018-11-12 13:40:00', '18,91'),
(237, 'Labdarúgó közvetítés', 8, 58, '2018-11-12 13:20:00', '2018-11-12 15:15:00', '26,23'),
(238, 'Agymenők', 2, 58, '2018-11-12 13:30:00', '2018-11-12 14:00:00', '30,56'),
(239, 'Survivor - A túlélők viadala', 10, 58, '2018-11-12 13:30:00', '2018-11-12 14:50:00', '4,77'),
(240, 'Állati betolakodók', 1, 58, '2018-11-12 13:35:00', '2018-11-12 14:30:00', '76,77'),
(241, 'Texasi raktárháborúk', 7, 58, '2018-11-12 13:40:00', '2018-11-12 14:10:00', '11,17'),
(242, 'Julieta', 14, 58, '2018-11-12 13:40:00', '2018-11-12 14:45:00', '43,84'),
(243, 'Agymenők', 2, 58, '2018-11-12 14:00:00', '2018-11-12 14:31:00', '25,23'),
(244, 'Tenisz', 3, 58, '2018-11-12 14:00:00', '2018-11-12 16:00:00', '79,7'),
(245, 'Alaszka, a legvégső határ', 4, 16, '2018-11-12 14:00:00', '2018-11-12 15:00:00', '7,16'),
(246, 'Garázs varázs', 9, 58, '2018-11-12 14:00:00', '2018-11-12 15:00:00', '9,8'),
(247, 'A 2000-es évek Amerikája', 11, 16, '2018-11-12 14:00:00', '2018-11-12 14:55:00', '85,30'),
(248, 'A Bundesliga csapatai', 12, 16, '2018-11-12 14:00:00', '2018-11-12 14:15:00', '61,9'),
(249, 'Lucifer', 15, 16, '2018-11-12 14:00:00', '2018-11-12 15:00:00', '22,58'),
(250, 'Tűzben edzett', 7, 58, '2018-11-12 14:10:00', '2018-11-12 15:10:00', '70,49'),
(251, 'Labdarúgás', 12, 58, '2018-11-12 14:15:00', '2018-11-12 16:15:00', '7,5'),
(252, 'Az oroszlánkirálynő', 1, 58, '2018-11-12 14:30:00', '2018-11-12 15:25:00', '35,87'),
(253, 'NFL', 13, 58, '2018-11-12 14:30:00', '2018-11-12 18:00:00', '82,88'),
(254, 'Agymenők', 2, 58, '2018-11-12 14:31:00', '2018-11-12 15:00:00', '32,74'),
(255, 'Titkok szállodája', 14, 58, '2018-11-12 14:45:00', '2018-11-12 15:50:00', '48,58'),
(256, 'Story Extra', 10, 58, '2018-11-12 14:50:00', '2018-11-12 15:20:00', '9,6'),
(257, 'Mérnöki csúcsteljesítmények', 11, 100, '2018-11-12 14:55:00', '2018-11-12 15:55:00', '41,65'),
(258, 'A Goldberg család', 2, 100, '2018-11-12 15:00:00', '2018-11-12 15:30:00', '17,80'),
(259, 'Az alaszkai vadon gyermekei', 4, 58, '2018-11-12 15:00:00', '2018-11-12 16:00:00', '65,21'),
(260, 'Pedig jó ötletnek tűnt', 9, 58, '2018-11-12 15:00:00', '2018-11-12 15:30:00', '73,32'),
(261, 'Szellemekkel suttogó', 15, 58, '2018-11-12 15:00:00', '2018-11-12 16:00:00', '9,55'),
(262, 'Amerikai kincskeresők', 7, 58, '2018-11-12 15:10:00', '2018-11-12 16:05:00', '44,55'),
(263, 'Harry Potter és a Főnix Rendje', 6, 58, '2018-11-12 15:15:00', '2018-11-12 17:50:00', '85,35'),
(264, 'MLSZ Labdarúgó-válogatott sajtótájékoztató', 8, 58, '2018-11-12 15:15:00', '2018-11-12 16:00:00', '39,44'),
(265, 'Elif - A szeretet útján', 10, 58, '2018-11-12 15:20:00', '2018-11-12 16:25:00', '32,92'),
(266, 'Állatrendőrség Houstonban', 1, 100, '2018-11-12 15:25:00', '2018-11-12 16:20:00', '68,70'),
(267, 'A Goldberg család', 2, 100, '2018-11-12 15:30:00', '2018-11-12 16:00:00', '3,81'),
(268, 'Pedig jó ötletnek tűnt', 9, 100, '2018-11-12 15:30:00', '2018-11-12 16:00:00', '28,55'),
(269, 'Feriha', 14, 100, '2018-11-12 15:50:00', '2018-11-12 17:00:00', '90,27'),
(270, 'A tengerek királynője', 11, 8, '2018-11-12 15:55:00', '2018-11-12 16:55:00', '9,34'),
(271, 'Modern Család', 2, 8, '2018-11-12 16:00:00', '2018-11-12 16:30:00', '71,69'),
(272, 'Szétlövés', 3, 8, '2018-11-12 16:00:00', '2018-11-12 16:45:00', '25,61'),
(273, 'Autókereskedők', 4, 100, '2018-11-12 16:00:00', '2018-11-12 17:00:00', '53,75'),
(274, 'Sporthíradó', 8, 100, '2018-11-12 16:00:00', '2018-11-12 16:15:00', '2,53'),
(275, 'Pedig jó ötletnek tűnt', 9, 100, '2018-11-12 16:00:00', '2018-11-12 16:30:00', '92,16'),
(276, 'A mentalista', 15, 100, '2018-11-12 16:00:00', '2018-11-12 17:00:00', '31,25'),
(277, 'Az autók grófja', 7, 58, '2018-11-12 16:05:00', '2018-11-12 16:35:00', '52,32'),
(278, 'UEFA Bajnokok Ligája magazin', 8, 58, '2018-11-12 16:15:00', '2018-11-12 16:45:00', '82,94'),
(279, 'Labdarúgás', 12, 58, '2018-11-12 16:15:00', '2018-11-12 17:15:00', '66,31'),
(280, 'Hogyan neveljünk...', 1, 16, '2018-11-12 16:20:00', '2018-11-12 17:15:00', '88,21'),
(281, 'Fókusz', 10, 16, '2018-11-12 16:25:00', '2018-11-12 17:00:00', '56,17'),
(282, 'Modern Család', 2, 16, '2018-11-12 16:30:00', '2018-11-12 17:00:00', '79,64'),
(283, 'Pedig jó ötletnek tűnt', 9, 16, '2018-11-12 16:30:00', '2018-11-12 17:00:00', '72,30'),
(284, 'Az autók grófja', 7, 58, '2018-11-12 16:35:00', '2018-11-12 17:05:00', '51,48'),
(285, 'Sport 24', 3, 58, '2018-11-12 16:45:00', '2018-11-12 17:05:00', '51,80'),
(286, 'Kosárlabda magazin', 8, 58, '2018-11-12 16:45:00', '2018-11-12 17:45:00', '25,54'),
(287, 'Oroszországtól Iránig: Át a vad határon', 11, 58, '2018-11-12 16:55:00', '2018-11-12 17:55:00', '37,6'),
(288, 'Modern Család', 2, 58, '2018-11-12 17:00:00', '2018-11-12 17:30:00', '17,53'),
(289, 'Autókereskedők', 4, 100, '2018-11-12 17:00:00', '2018-11-12 17:30:00', '88,90'),
(290, 'Labdarúgás', 5, 100, '2018-11-12 17:00:00', '2018-11-12 17:45:00', '24,27'),
(291, 'Légikatasztrófák', 9, 100, '2018-11-12 17:00:00', '2018-11-12 18:00:00', '60,58'),
(292, 'RTL Híradó Esti kiadás', 10, 100, '2018-11-12 17:00:00', '2018-11-12 18:00:00', '40,3'),
(293, 'Tények', 14, 100, '2018-11-12 17:00:00', '2018-11-12 18:00:00', '58,87'),
(294, 'Castle', 15, 100, '2018-11-12 17:00:00', '2018-11-12 18:00:00', '13,93'),
(295, 'Labdarúgás', 3, 100, '2018-11-12 17:05:00', '2018-11-12 18:00:00', '31,54'),
(296, 'Texasi raktárháborúk', 7, 58, '2018-11-12 17:05:00', '2018-11-12 17:35:00', '32,82'),
(297, 'Állati betolakodók', 1, 58, '2018-11-12 17:15:00', '2018-11-12 18:10:00', '19,22'),
(298, 'Mai helyzet', 12, 58, '2018-11-12 17:15:00', '2018-11-12 17:30:00', '94,74'),
(299, 'Modern Család', 2, 58, '2018-11-12 17:30:00', '2018-11-12 18:00:00', '48,20'),
(300, 'Autókereskedők', 4, 100, '2018-11-12 17:30:00', '2018-11-12 18:00:00', '74,79'),
(301, 'Labdarúgás', 12, 100, '2018-11-12 17:30:00', '2018-11-12 18:30:00', '52,57'),
(302, 'Texasi raktárháborúk', 7, 58, '2018-11-12 17:35:00', '2018-11-12 18:00:00', '59,67'),
(303, 'Eurosport Hírek', 5, 58, '2018-11-12 17:45:00', '2018-11-12 17:55:00', '2,28'),
(304, 'Kézilabda magazin', 8, 58, '2018-11-12 17:45:00', '2018-11-12 18:45:00', '59,43'),
(305, 'Halálos fegyver 2.', 6, 58, '2018-11-12 17:50:00', '2018-11-12 20:00:00', '20,72'),
(306, 'Cselgáncs', 5, 58, '2018-11-12 17:55:00', '2018-11-12 18:00:00', '44,63'),
(307, 'Az agy titkai', 11, 16, '2018-11-12 17:55:00', '2018-11-12 19:00:00', '36,39'),
(308, 'Agymenők', 2, 16, '2018-11-12 18:00:00', '2018-11-12 18:30:00', '32,42'),
(309, 'Labdarúgás', 3, 16, '2018-11-12 18:00:00', '2018-11-12 19:30:00', '13,22'),
(310, 'Hogyan készül?', 4, 16, '2018-11-12 18:00:00', '2018-11-12 18:30:00', '87,39'),
(311, 'Snooker', 5, 16, '2018-11-12 18:00:00', '2018-11-12 18:55:00', '86,16'),
(312, 'Tűzben edzett', 7, 58, '2018-11-12 18:00:00', '2018-11-12 19:00:00', '44,28'),
(313, 'Tényleg így készül?!', 9, 58, '2018-11-12 18:00:00', '2018-11-12 18:30:00', '88,24'),
(314, 'Konyhafőnök VIP - A séfek csatája', 10, 58, '2018-11-12 18:00:00', '2018-11-12 19:50:00', '40,2'),
(315, 'NFL', 13, 58, '2018-11-12 18:00:00', '2018-11-12 21:30:00', '67,28'),
(316, 'Ninja Warrior Hungary', 14, 56, '2018-11-12 18:00:00', '2018-11-12 21:40:00', '53,68'),
(317, 'Lucifer', 15, 56, '2018-11-12 18:00:00', '2018-11-12 19:00:00', '8,24'),
(318, 'Cápacsalogató partok', 1, 16, '2018-11-12 18:10:00', '2018-11-12 19:05:00', '54,80'),
(319, 'Agymenők', 2, 16, '2018-11-12 18:30:00', '2018-11-12 19:00:00', '54,24'),
(320, 'Hogyan csinálják?', 4, 16, '2018-11-12 18:30:00', '2018-11-12 19:00:00', '3,89'),
(321, 'Tényleg így készül?!', 9, 16, '2018-11-12 18:30:00', '2018-11-12 19:00:00', '58,72'),
(322, 'Germánia', 12, 16, '2018-11-12 18:30:00', '2018-11-12 19:30:00', '3,63'),
(323, 'M4 Sport stúdió', 8, 16, '2018-11-12 18:45:00', '2018-11-12 19:00:00', '82,93'),
(324, 'Snooker', 5, 16, '2018-11-12 18:55:00', '2018-11-12 23:00:00', '67,92'),
(325, 'Agymenők', 2, 16, '2018-11-12 19:00:00', '2018-11-12 19:30:00', '52,65'),
(326, 'Bear Grylls: Sztárok a vadonban', 4, 16, '2018-11-12 19:00:00', '2018-11-12 20:00:00', '88,23'),
(327, 'Raktár-háborúk', 7, 58, '2018-11-12 19:00:00', '2018-11-12 19:30:00', '15,21'),
(328, 'Labdarúgó közvetítés', 8, 58, '2018-11-12 19:00:00', '2018-11-12 20:30:00', '35,46'),
(329, 'A Harmadik Birodalom építményei', 9, 16, '2018-11-12 19:00:00', '2018-11-12 20:00:00', '95,2'),
(330, 'Így működik a Világegyetem', 11, 16, '2018-11-12 19:00:00', '2018-11-12 19:55:00', '60,66'),
(331, '200 Első randi', 15, 16, '2018-11-12 19:00:00', '2018-11-12 20:00:00', '96,93'),
(332, 'Mekong - a folyó lelke', 1, 16, '2018-11-12 19:05:00', '2018-11-12 20:00:00', '4,35'),
(333, 'Agymenők', 2, 16, '2018-11-12 19:30:00', '2018-11-12 20:00:00', '19,16'),
(334, 'A nap hőse', 3, 16, '2018-11-12 19:30:00', '2018-11-12 19:40:00', '3,36'),
(335, 'Raktár-háborúk', 7, 58, '2018-11-12 19:30:00', '2018-11-12 20:00:00', '65,46'),
(336, 'Labdarúgás', 12, 58, '2018-11-12 19:30:00', '2018-11-12 21:30:00', '16,23'),
(337, 'Sport 24', 3, 58, '2018-11-12 19:40:00', '2018-11-12 20:00:00', '50,7'),
(338, 'Barátok közt', 10, 58, '2018-11-12 19:50:00', '2018-11-12 20:25:00', '63,58'),
(339, 'Esélytelenül a harcmezőn', 11, 95, '2018-11-12 19:55:00', '2018-11-12 20:50:00', '45,95'),
(340, 'Én, a préda', 1, 95, '2018-11-12 20:00:00', '2018-11-12 20:55:00', '23,66'),
(341, 'Agymenők', 2, 95, '2018-11-12 20:00:00', '2018-11-12 20:30:00', '33,62'),
(342, 'Tenisz', 3, 95, '2018-11-12 20:00:00', '2018-11-12 22:00:00', '38,23'),
(343, 'Bear Grylls: A sziget', 4, 58, '2018-11-12 20:00:00', '2018-11-12 21:00:00', '77,19'),
(344, 'A biztonság záloga', 6, 58, '2018-11-12 20:00:00', '2018-11-12 21:50:00', '53,32'),
(345, 'Navy SEAL különítmények', 7, 33, '2018-11-12 20:00:00', '2018-11-12 21:00:00', '79,80'),
(346, 'Kokainreptér - Peru', 9, 33, '2018-11-12 20:00:00', '2018-11-12 21:00:00', '4,48'),
(347, '200 Első randi', 15, 33, '2018-11-12 20:00:00', '2018-11-12 21:00:00', '11,80'),
(348, 'Éjjel-nappal Budapest', 10, 33, '2018-11-12 20:25:00', '2018-11-12 21:40:00', '84,68'),
(349, 'Ifjú Sheldon', 2, 33, '2018-11-12 20:30:00', '2018-11-12 21:00:00', '86,32'),
(350, 'M4 Sport stúdió', 8, 33, '2018-11-12 20:30:00', '2018-11-12 21:00:00', '59,22'),
(351, 'Csillagok, csillagok...', 11, 33, '2018-11-12 20:50:00', '2018-11-12 21:00:00', '81,31'),
(352, 'A második esély', 1, 103, '2018-11-12 20:55:00', '2018-11-12 21:50:00', '65,26'),
(353, 'Family Guy', 2, 103, '2018-11-12 21:00:00', '2018-11-12 21:30:00', '53,40'),
(354, 'Csupasz túlélők', 4, 103, '2018-11-12 21:00:00', '2018-11-12 22:00:00', '87,47'),
(355, 'Zálogcsillagok', 7, 58, '2018-11-12 21:00:00', '2018-11-12 21:30:00', '23,15'),
(356, 'Gillette World Sport 2018', 8, 7, '2018-11-12 21:00:00', '2018-11-12 21:30:00', '26,28'),
(357, 'Kokainreptér - Peru', 9, 33, '2018-11-12 21:00:00', '2018-11-12 22:00:00', '37,57'),
(358, 'A 2000-es évek Amerikája', 11, 16, '2018-11-12 21:00:00', '2018-11-12 21:55:00', '27,45'),
(359, 'Csak egy kis pánik', 15, 16, '2018-11-12 21:00:00', '2018-11-12 23:00:00', '61,21'),
(360, 'Family Guy', 2, 16, '2018-11-12 21:30:00', '2018-11-12 22:00:00', '7,47'),
(361, 'Zálogcsillagok', 7, 58, '2018-11-12 21:30:00', '2018-11-12 22:00:00', '50,61'),
(362, 'Sporthíradó', 8, 58, '2018-11-12 21:30:00', '2018-11-12 21:55:00', '90,81'),
(363, 'Kézilabda. Rewind - The Handball Show', 12, 58, '2018-11-12 21:30:00', '2018-11-12 22:00:00', '9,54'),
(364, 'NFL', 13, 58, '2018-11-12 21:30:00', '2018-11-13 01:00:00', '33,54'),
(365, 'Dr. Csont', 10, 58, '2018-11-12 21:40:00', '2018-11-12 22:40:00', '32,71'),
(366, 'Elrabolva', 14, 25, '2018-11-12 21:40:00', '2018-11-12 22:55:00', '43,52'),
(367, 'Állati betolakodók', 1, 25, '2018-11-12 21:50:00', '2018-11-12 22:45:00', '47,96'),
(368, 'Elhajlási engedély', 6, 25, '2018-11-12 21:50:00', '2018-11-12 23:50:00', '50,88'),
(369, 'Forma-1 - Nagydíj futam', 8, 25, '2018-11-12 21:55:00', '2018-11-13 00:05:00', '8,83'),
(370, 'Élelmiszercsempészek világa', 11, 25, '2018-11-12 21:55:00', '2018-11-12 22:50:00', '36,25'),
(371, 'Family Guy', 2, 25, '2018-11-12 22:00:00', '2018-11-12 22:30:00', '44,23'),
(372, 'Autósport', 3, 10, '2018-11-12 22:00:00', '2018-11-12 23:10:00', '61,40'),
(373, 'Mérnöki műtárgyak', 4, 10, '2018-11-12 22:00:00', '2018-11-12 23:00:00', '79,43'),
(374, 'Zálogcsillagok', 7, 58, '2018-11-12 22:00:00', '2018-11-12 22:30:00', '13,25'),
(375, 'Latin-Amerika forró határai', 9, 56, '2018-11-12 22:00:00', '2018-11-12 22:30:00', '6,46'),
(376, 'Kézilabda', 12, 56, '2018-11-12 22:00:00', '2018-11-12 22:30:00', '90,72'),
(377, 'South Park', 2, 56, '2018-11-12 22:30:00', '2018-11-12 23:00:00', '26,89'),
(378, 'Zálogcsillagok', 7, 58, '2018-11-12 22:30:00', '2018-11-12 22:55:00', '68,6'),
(379, 'Latin-Amerika forró határai', 9, 56, '2018-11-12 22:30:00', '2018-11-12 23:00:00', '25,84'),
(380, 'Harmadik félidő', 12, 56, '2018-11-12 22:30:00', '2018-11-13 00:00:00', '29,82'),
(381, 'RTL Híradó - Késő esti kiadás', 10, 56, '2018-11-12 22:40:00', '2018-11-12 23:15:00', '10,95'),
(382, 'Cápacsalogató partok', 1, 16, '2018-11-12 22:45:00', '2018-11-12 23:40:00', '21,74'),
(383, 'Bolygónk, a Föld', 11, 100, '2018-11-12 22:50:00', '2018-11-12 23:55:00', '2,40'),
(384, 'Texasi raktárháborúk', 7, 58, '2018-11-12 22:55:00', '2018-11-12 23:25:00', '23,51'),
(385, 'Percy Jackson - Szörnyek tengere', 14, 58, '2018-11-12 22:55:00', '2018-11-13 01:25:00', '17,83'),
(386, 'Gulliver utazásai', 2, 58, '2018-11-12 23:00:00', '2018-11-13 01:00:00', '43,40'),
(387, 'A Föld rejtélyes oldala', 4, 58, '2018-11-12 23:00:00', '2018-11-13 00:00:00', '30,23'),
(388, 'Eurosport Hírek', 5, 58, '2018-11-12 23:00:00', '2018-11-12 23:05:00', '60,72'),
(389, 'Amerika legkeményebb börtönei', 9, 16, '2018-11-12 23:00:00', '2018-11-13 00:00:00', '15,88'),
(390, 'A mentalista', 15, 16, '2018-11-12 23:00:00', '2018-11-13 00:00:00', '38,46'),
(391, 'Sportok', 5, 16, '2018-11-12 23:05:00', '2018-11-12 23:15:00', '65,20'),
(392, 'Sport 24', 3, 16, '2018-11-12 23:10:00', '2018-11-12 23:30:00', '70,67'),
(393, 'Olimpiai Játékok', 5, 16, '2018-11-12 23:15:00', '2018-11-13 00:10:00', '6,24'),
(394, 'Magyarul Balóval', 10, 16, '2018-11-12 23:15:00', '2018-11-12 23:55:00', '51,8'),
(395, 'Texasi raktárháborúk', 7, 58, '2018-11-12 23:25:00', '2018-11-12 23:50:00', '70,67'),
(396, 'Reggeli Start', 3, 58, '2018-11-12 23:30:00', '2018-11-13 05:55:00', '78,33'),
(397, 'Én, a préda', 1, 58, '2018-11-12 23:40:00', '2018-11-13 00:35:00', '1,93'),
(398, 'A fekete ötven árnyalata', 6, 58, '2018-11-12 23:50:00', '2018-11-13 01:40:00', '5,85'),
(399, 'Raktár-háborúk', 7, 58, '2018-11-12 23:50:00', '2018-11-13 00:20:00', '44,2'),
(400, 'Autogram', 10, 58, '2018-11-12 23:55:00', '2018-11-13 00:30:00', '79,92'),
(401, 'Élet a nomádok között', 11, 103, '2018-11-12 23:55:00', '2018-11-13 01:00:00', '85,76'),
(402, 'Ne próbáld ki otthon!', 4, 103, '2018-11-13 00:00:00', '2018-11-13 01:00:00', '39,69'),
(403, 'A II. világháború', 9, 103, '2018-11-13 00:00:00', '2018-11-13 01:00:00', '13,17'),
(404, 'Kézilabda', 12, 103, '2018-11-13 00:00:00', '2018-11-13 02:00:00', '49,19'),
(405, 'Glades - Tengerparti gyilkosságok', 15, 103, '2018-11-13 00:00:00', '2018-11-13 00:55:00', '9,32'),
(406, 'Labdarúgó közvetítés', 8, 103, '2018-11-13 00:05:00', '2018-11-13 01:40:00', '93,50'),
(407, 'Eurosport Hírek', 5, 103, '2018-11-13 00:10:00', '2018-11-13 00:15:00', '30,35'),
(408, 'Sportok', 5, 103, '2018-11-13 00:15:00', '2018-11-13 00:30:00', '4,40'),
(409, 'Raktár-háborúk', 7, 58, '2018-11-13 00:20:00', '2018-11-13 00:45:00', '42,59'),
(410, 'Olimpiai Játékok', 5, 58, '2018-11-13 00:30:00', '2018-11-13 01:00:00', '63,81'),
(411, 'PénzÜgyesek', 10, 58, '2018-11-13 00:30:00', '2018-11-13 01:00:00', '45,33'),
(412, 'Hogyan neveljünk...', 1, 16, '2018-11-13 00:35:00', '2018-11-13 01:25:00', '77,44'),
(413, 'Amerikai kincskeresők', 7, 58, '2018-11-13 00:45:00', '2018-11-13 01:35:00', '21,61'),
(414, 'Szellemekkel suttogó', 15, 58, '2018-11-13 00:55:00', '2018-11-13 01:40:00', '9,65'),
(415, 'Broad City', 2, 58, '2018-11-13 01:00:00', '2018-11-13 01:20:00', '28,81'),
(416, 'Bear Grylls: Sztárok a vadonban', 4, 58, '2018-11-13 01:00:00', '2018-11-13 02:00:00', '82,13'),
(417, 'Asztalitenisz', 5, 58, '2018-11-13 01:00:00', '2018-11-13 02:00:00', '3,87'),
(418, 'A II. világháború', 9, 58, '2018-11-13 01:00:00', '2018-11-13 01:48:00', '41,3'),
(419, 'Gyilkos hajsza', 10, 58, '2018-11-13 01:00:00', '2018-11-13 01:55:00', '49,96'),
(420, 'A tengerek királynője', 11, 8, '2018-11-13 01:00:00', '2018-11-13 01:50:00', '2,92'),
(421, 'Mai helyzet', 13, 8, '2018-11-13 01:00:00', '2018-11-13 01:15:00', '95,56'),
(422, 'NFL', 13, 8, '2018-11-13 01:15:00', '2018-11-13 04:45:00', '8,28'),
(423, 'Broad City', 2, 8, '2018-11-13 01:20:00', '2018-11-13 01:45:00', '70,42'),
(424, 'Állati betolakodók', 1, 8, '2018-11-13 01:25:00', '2018-11-13 02:15:00', '71,97'),
(425, 'Tények Extra', 14, 8, '2018-11-13 01:25:00', '2018-11-13 01:55:00', '33,43'),
(426, 'Zálogcsillagok', 7, 58, '2018-11-13 01:35:00', '2018-11-13 01:55:00', '9,71'),
(427, 'Lepattant a fater, zúzzuk le a kecót!', 6, 58, '2018-11-13 01:40:00', '2018-11-13 03:30:00', '92,2'),
(428, 'Ulti magazin', 8, 58, '2018-11-13 01:40:00', '2018-11-13 02:10:00', '93,73'),
(429, 'Szívek szállodája', 15, 58, '2018-11-13 01:40:00', '2018-11-13 02:25:00', '41,72'),
(430, 'Modern Család', 2, 58, '2018-11-13 01:45:00', '2018-11-13 02:05:00', '83,56'),
(431, 'Országút a pokolba', 9, 16, '2018-11-13 01:48:00', '2018-11-13 02:36:00', '8,37'),
(432, 'A világ pusztuló csodái', 11, 16, '2018-11-13 01:50:00', '2018-11-13 02:35:00', '1,67'),
(433, 'Zálogcsillagok', 7, 58, '2018-11-13 01:55:00', '2018-11-13 02:20:00', '96,75'),
(434, 'Gyilkos hajsza', 10, 58, '2018-11-13 01:55:00', '2018-11-13 03:00:00', '43,94'),
(435, 'A zöld sárkány gyermekei', 14, 58, '2018-11-13 01:55:00', '2018-11-13 03:35:00', '81,34'),
(436, 'Bear Grylls: A sziget', 4, 58, '2018-11-13 02:00:00', '2018-11-13 02:50:00', '76,78'),
(437, 'Snooker', 5, 58, '2018-11-13 02:00:00', '2018-11-13 04:00:00', '49,64'),
(438, 'Kézilabda', 12, 58, '2018-11-13 02:00:00', '2018-11-13 04:00:00', '91,78'),
(439, 'Modern Család', 2, 58, '2018-11-13 02:05:00', '2018-11-13 02:30:00', '90,80'),
(440, 'Labdarúgó közvetítés', 8, 58, '2018-11-13 02:10:00', '2018-11-13 04:05:00', '14,22'),
(441, 'Cápacsalogató partok', 1, 16, '2018-11-13 02:15:00', '2018-11-13 03:02:00', '10,83'),
(442, 'Texasi raktárháborúk', 7, 58, '2018-11-13 02:20:00', '2018-11-13 02:45:00', '62,87'),
(443, 'Szívek szállodája', 15, 58, '2018-11-13 02:25:00', '2018-11-13 05:00:00', '6,12'),
(444, 'Modern Család', 2, 58, '2018-11-13 02:30:00', '2018-11-13 02:55:00', '10,7'),
(445, 'Élelmiszercsempészek világa', 11, 58, '2018-11-13 02:35:00', '2018-11-13 03:20:00', '26,35'),
(446, 'Tabu', 9, 100, '2018-11-13 02:36:00', '2018-11-13 03:24:00', '14,79'),
(447, 'Texasi raktárháborúk', 7, 58, '2018-11-13 02:45:00', '2018-11-13 03:05:00', '38,68'),
(448, 'Autókereskedők', 4, 100, '2018-11-13 02:50:00', '2018-11-13 03:40:00', '59,96'),
(449, 'Modern Család', 2, 100, '2018-11-13 02:55:00', '2018-11-13 03:20:00', '79,76'),
(450, 'Barátok közt', 10, 100, '2018-11-13 03:00:00', '2018-11-13 03:30:00', '88,3'),
(451, 'Mekong - a folyó lelke', 1, 100, '2018-11-13 03:02:00', '2018-11-13 03:49:00', '65,86'),
(452, 'Amerikai kincskeresők', 7, 58, '2018-11-13 03:05:00', '2018-11-13 03:50:00', '1,61'),
(453, 'Már megint Malcolm', 2, 58, '2018-11-13 03:20:00', '2018-11-13 03:45:00', '33,81'),
(454, 'Így működik a Világegyetem', 11, 58, '2018-11-13 03:20:00', '2018-11-13 04:10:00', '27,91'),
(455, 'Tábornokok a harcmezőn', 9, 16, '2018-11-13 03:24:00', '2018-11-13 04:12:00', '69,39'),
(456, 'Laura csillaga és az álomszörnyek', 6, 16, '2018-11-13 03:30:00', '2018-11-13 05:00:00', '37,24'),
(457, 'Magyarul Balóval', 10, 16, '2018-11-13 03:30:00', '2018-11-13 04:05:00', '18,38'),
(458, 'Tények Este', 14, 16, '2018-11-13 03:35:00', '2018-11-13 04:15:00', '15,63'),
(459, 'Autókereskedők', 4, 100, '2018-11-13 03:40:00', '2018-11-13 04:30:00', '25,2'),
(460, 'Már megint Malcolm', 2, 100, '2018-11-13 03:45:00', '2018-11-13 04:10:00', '80,20'),
(461, 'A második esély', 1, 103, '2018-11-13 03:49:00', '2018-11-13 04:36:00', '13,82'),
(462, 'Raktár-háborúk', 7, 58, '2018-11-13 03:50:00', '2018-11-13 04:15:00', '62,82'),
(463, 'Asztalitenisz', 5, 58, '2018-11-13 04:00:00', '2018-11-13 05:00:00', '70,95'),
(464, 'Kékek', 12, 58, '2018-11-13 04:00:00', '2018-11-13 04:30:00', '18,29'),
(465, 'Szabadidő magazin', 8, 58, '2018-11-13 04:05:00', '2018-11-13 04:30:00', '76,11'),
(466, 'Top Shop', 10, 58, '2018-11-13 04:05:00', '2018-11-13 04:35:00', '7,47'),
(467, 'A Comedy Central Bemutatja', 2, 58, '2018-11-13 04:10:00', '2018-11-13 04:35:00', '81,26'),
(468, 'Brutális történelem', 11, 100, '2018-11-13 04:10:00', '2018-11-13 05:00:00', '6,57'),
(469, 'Tábornokok a harcmezőn', 9, 16, '2018-11-13 04:12:00', '2018-11-13 05:00:00', '53,52'),
(470, 'Texasi raktárháborúk', 7, 58, '2018-11-13 04:15:00', '2018-11-13 04:35:00', '37,65'),
(471, 'Tűsarok', 14, 58, '2018-11-13 04:15:00', '2018-11-13 04:20:00', '19,92'),
(472, 'Szívdobbanás', 14, 58, '2018-11-13 04:20:00', '2018-11-13 05:20:00', '16,43'),
(473, 'Hogyan csinálják?', 4, 58, '2018-11-13 04:30:00', '2018-11-13 05:00:00', '71,30'),
(474, 'Tollaslabda', 8, 58, '2018-11-13 04:30:00', '2018-11-13 05:30:00', '1,69'),
(475, 'Kezeket fel! a Sport TV kézimagazinja', 12, 58, '2018-11-13 04:30:00', '2018-11-13 05:00:00', '97,68'),
(476, 'A Comedy Central Bemutatja', 2, 58, '2018-11-13 04:35:00', '2018-11-13 05:00:00', '58,33'),
(477, 'Texasi raktárháborúk', 7, 58, '2018-11-13 04:35:00', '2018-11-13 05:00:00', '58,85'),
(478, 'Jó reggelt, skacok!', 10, 58, '2018-11-13 04:35:00', '2018-11-13 06:15:00', '32,5'),
(479, 'Echo és az Amboseli elefántjai', 1, 100, '2018-11-13 04:36:00', '2018-11-13 05:00:00', '61,70'),
(480, 'Kempómagazin', 13, 100, '2018-11-13 04:45:00', '2018-11-13 05:00:00', '90,40'),
(481, 'Echo és az Amboseli elefántjai', 1, 100, '2018-11-13 05:00:00', '2018-11-13 05:25:00', '35,25'),
(482, 'Family Guy', 2, 100, '2018-11-13 05:00:00', '2018-11-13 05:30:00', '79,77'),
(483, 'Hogyan csinálják?', 4, 100, '2018-11-13 05:00:00', '2018-11-13 05:25:00', '35,10'),
(484, 'Sportok', 5, 100, '2018-11-13 05:00:00', '2018-11-13 05:30:00', '59,75'),
(485, 'Televíziós vásárlás', 6, 100, '2018-11-13 05:00:00', '2018-11-13 08:00:00', '30,85'),
(486, 'Abszolút kocsik', 7, 100, '2018-11-13 05:00:00', '2018-11-13 05:45:00', '75,17'),
(487, 'Légikatasztrófák', 9, 100, '2018-11-13 05:00:00', '2018-11-13 06:00:00', '65,7'),
(488, 'A világ pusztuló csodái', 11, 100, '2018-11-13 05:00:00', '2018-11-13 05:55:00', '86,49'),
(489, 'Televíziós vásárlás', 12, 100, '2018-11-13 05:00:00', '2018-11-13 06:30:00', '57,36'),
(490, 'Kékek', 13, 100, '2018-11-13 05:00:00', '2018-11-13 05:30:00', '32,27'),
(491, 'TV SHOP', 15, 100, '2018-11-13 05:00:00', '2018-11-13 05:30:00', '38,80'),
(492, 'Mokka', 14, 100, '2018-11-13 05:20:00', '2018-11-13 05:25:00', '12,91'),
(493, 'Az oroszlánkirálynő', 1, 100, '2018-11-13 05:25:00', '2018-11-13 06:15:00', '16,14'),
(494, 'Amcsi benzinfalók', 4, 100, '2018-11-13 05:25:00', '2018-11-13 06:15:00', '60,12'),
(495, 'Tények Reggel', 14, 100, '2018-11-13 05:25:00', '2018-11-13 05:55:00', '60,49'),
(496, 'Family Guy', 2, 100, '2018-11-13 05:30:00', '2018-11-13 06:00:00', '52,13'),
(497, 'Műkorcsolya', 5, 100, '2018-11-13 05:30:00', '2018-11-13 07:30:00', '73,30'),
(498, 'Sporthíradó', 8, 100, '2018-11-13 05:30:00', '2018-11-13 06:00:00', '95,34'),
(499, 'Kézilabda. Rewind - The Handball Show', 13, 100, '2018-11-13 05:30:00', '2018-11-13 06:00:00', '46,56'),
(500, 'Jóbarátok', 15, 100, '2018-11-13 05:30:00', '2018-11-13 05:55:00', '58,68'),
(501, 'Zálogcsillagok', 7, 58, '2018-11-13 05:45:00', '2018-11-13 06:10:00', '77,4'),
(502, 'Reggeli Start', 3, 58, '2018-11-13 05:55:00', '2018-11-13 07:30:00', '4,98'),
(503, 'Hogyan készül?', 11, 58, '2018-11-13 05:55:00', '2018-11-13 06:05:00', '45,17'),
(504, 'Mokka', 14, 58, '2018-11-13 05:55:00', '2018-11-13 07:50:00', '18,13'),
(505, 'Jóbarátok', 15, 58, '2018-11-13 05:55:00', '2018-11-13 06:20:00', '61,98'),
(506, 'Már megint Malcolm', 2, 58, '2018-11-13 06:00:00', '2018-11-13 06:30:00', '95,38'),
(507, 'Sporthíradó', 8, 58, '2018-11-13 06:00:00', '2018-11-13 06:30:00', '70,24'),
(508, 'Dr. Pol állatklinikája', 9, 16, '2018-11-13 06:00:00', '2018-11-13 07:00:00', '96,8'),
(509, 'Kézilabda', 13, 16, '2018-11-13 06:00:00', '2018-11-13 06:30:00', '94,64'),
(510, 'Bolygónk, a Föld', 11, 100, '2018-11-13 06:05:00', '2018-11-13 07:10:00', '90,77'),
(511, 'Amerikai kincskeresők', 7, 58, '2018-11-13 06:10:00', '2018-11-13 07:00:00', '81,42'),
(512, 'Állatrendőrség Houstonban', 1, 100, '2018-11-13 06:15:00', '2018-11-13 07:10:00', '32,62'),
(513, 'A túlélés törvényei', 4, 100, '2018-11-13 06:15:00', '2018-11-13 07:05:00', '55,47'),
(514, 'Reggeli', 10, 100, '2018-11-13 06:15:00', '2018-11-13 08:20:00', '69,70'),
(515, 'Jóbarátok', 15, 100, '2018-11-13 06:20:00', '2018-11-13 06:50:00', '17,56'),
(516, 'Már megint Malcolm', 2, 100, '2018-11-13 06:30:00', '2018-11-13 07:00:00', '63,88'),
(517, 'Kosárlabda magazin', 8, 100, '2018-11-13 06:30:00', '2018-11-13 07:30:00', '63,24'),
(518, 'Kézilabda', 12, 100, '2018-11-13 06:30:00', '2018-11-13 08:30:00', '5,70'),
(519, 'Televíziós vásárlás', 13, 100, '2018-11-13 06:30:00', '2018-11-13 08:00:00', '15,82'),
(520, 'Jóbarátok', 15, 100, '2018-11-13 06:50:00', '2018-11-13 07:20:00', '66,51'),
(521, 'Agymenők', 2, 100, '2018-11-13 07:00:00', '2018-11-13 07:30:00', '21,51'),
(522, 'Amerikai kincskeresők', 7, 58, '2018-11-13 07:00:00', '2018-11-13 07:55:00', '19,21'),
(523, 'Dr. Pol állatklinikája', 9, 16, '2018-11-13 07:00:00', '2018-11-13 08:00:00', '88,65'),
(524, 'Raktárvadászok', 4, 100, '2018-11-13 07:05:00', '2018-11-13 07:30:00', '9,4'),
(525, 'Állati betolakodók', 1, 100, '2018-11-13 07:10:00', '2018-11-13 08:05:00', '70,5'),
(526, 'Mérnöki csúcsteljesítmények', 11, 100, '2018-11-13 07:10:00', '2018-11-13 08:10:00', '93,71'),
(527, 'Agymenők', 15, 100, '2018-11-13 07:20:00', '2018-11-13 07:50:00', '83,79'),
(528, 'Agymenők', 2, 100, '2018-11-13 07:30:00', '2018-11-13 08:00:00', '53,21'),
(529, 'Sport 24', 3, 100, '2018-11-13 07:30:00', '2018-11-13 07:40:00', '89,14'),
(530, 'Az alkukirály', 4, 100, '2018-11-13 07:30:00', '2018-11-13 08:00:00', '30,4'),
(531, 'Cselgáncs', 5, 100, '2018-11-13 07:30:00', '2018-11-13 07:35:00', '82,93'),
(532, 'Kézilabda magazin', 8, 100, '2018-11-13 07:30:00', '2018-11-13 08:25:00', '2,32'),
(533, 'Snooker', 5, 100, '2018-11-13 07:35:00', '2018-11-13 09:30:00', '8,20'),
(534, 'A nap hőse', 3, 100, '2018-11-13 07:40:00', '2018-11-13 07:50:00', '84,23'),
(535, 'Labdarúgás', 3, 100, '2018-11-13 07:50:00', '2018-11-13 09:20:00', '39,61'),
(536, 'Topshop', 14, 100, '2018-11-13 07:50:00', '2018-11-13 09:00:00', '7,47'),
(537, 'Agymenők', 15, 100, '2018-11-13 07:50:00', '2018-11-13 08:15:00', '9,54'),
(538, 'Tűzben edzett', 7, 58, '2018-11-13 07:55:00', '2018-11-13 08:55:00', '71,45'),
(539, 'Agymenők', 2, 58, '2018-11-13 08:00:00', '2018-11-13 08:30:00', '69,30'),
(540, 'Licitvadászok', 4, 58, '2018-11-13 08:00:00', '2018-11-13 08:30:00', '14,2'),
(541, 'A jelszó: Világvége 2.', 6, 58, '2018-11-13 08:00:00', '2018-11-13 09:50:00', '53,98'),
(542, 'Tárcsázza Cesar Millant!', 9, 16, '2018-11-13 08:00:00', '2018-11-13 09:00:00', '91,92'),
(543, 'Mai helyzet', 13, 16, '2018-11-13 08:00:00', '2018-11-13 08:15:00', '7,51'),
(544, 'Cápacsalogató partok', 1, 16, '2018-11-13 08:05:00', '2018-11-13 09:00:00', '48,72'),
(545, 'A tengerek királynője', 11, 8, '2018-11-13 08:10:00', '2018-11-13 09:10:00', '80,60'),
(546, 'Labdarúgás', 13, 8, '2018-11-13 08:15:00', '2018-11-13 10:15:00', '22,90'),
(547, 'Szívek szállodája', 15, 8, '2018-11-13 08:15:00', '2018-11-13 09:15:00', '55,88'),
(548, 'Asztro-Show', 10, 8, '2018-11-13 08:20:00', '2018-11-13 09:25:00', '51,64'),
(549, 'Startfejes magazin', 8, 7, '2018-11-13 08:25:00', '2018-11-13 09:00:00', '62,90'),
(550, 'Agymenők', 2, 7, '2018-11-13 08:30:00', '2018-11-13 09:00:00', '72,63'),
(551, 'Angliai raktárvadászok', 4, 58, '2018-11-13 08:30:00', '2018-11-13 09:00:00', '37,79'),
(552, 'Kézilabda. Rewind - The Handball Show', 12, 58, '2018-11-13 08:30:00', '2018-11-13 09:00:00', '78,47'),
(553, 'Zálogcsillagok', 7, 58, '2018-11-13 08:55:00', '2018-11-13 09:25:00', '7,47'),
(554, 'Mekong - a folyó lelke', 1, 58, '2018-11-13 09:00:00', '2018-11-13 09:55:00', '95,62'),
(555, 'A Goldberg család', 2, 58, '2018-11-13 09:00:00', '2018-11-13 09:30:00', '45,8'),
(556, 'Mérnöki műtárgyak', 4, 58, '2018-11-13 09:00:00', '2018-11-13 10:00:00', '73,90'),
(557, 'Sporthíradó', 8, 58, '2018-11-13 09:00:00', '2018-11-13 09:30:00', '34,51'),
(558, 'Alaszkai ezermesterek', 9, 58, '2018-11-13 09:00:00', '2018-11-13 10:00:00', '54,1'),
(559, 'Televíziós vásárlás', 12, 58, '2018-11-13 09:00:00', '2018-11-13 10:00:00', '35,10'),
(560, 'Teleshop', 14, 58, '2018-11-13 09:00:00', '2018-11-13 09:45:00', '17,23'),
(561, 'Élet a nomádok között', 11, 103, '2018-11-13 09:10:00', '2018-11-13 10:15:00', '27,94'),
(562, 'Szívek szállodája', 15, 103, '2018-11-13 09:15:00', '2018-11-13 10:10:00', '32,7'),
(563, 'Labdarúgás', 3, 103, '2018-11-13 09:20:00', '2018-11-13 11:10:00', '61,39'),
(564, 'Zálogcsillagok', 7, 58, '2018-11-13 09:25:00', '2018-11-13 09:50:00', '55,23'),
(565, 'Top Shop', 10, 58, '2018-11-13 09:25:00', '2018-11-13 11:00:00', '21,28'),
(566, 'A Goldberg család', 2, 58, '2018-11-13 09:30:00', '2018-11-13 10:00:00', '11,76'),
(567, 'Asztalitenisz', 5, 58, '2018-11-13 09:30:00', '2018-11-13 10:30:00', '58,16'),
(568, 'Labdarúgó közvetítés', 8, 58, '2018-11-13 09:30:00', '2018-11-13 11:25:00', '57,8'),
(569, 'Astro-Világ', 14, 58, '2018-11-13 09:45:00', '2018-11-13 11:00:00', '39,86'),
(570, 'A barátságos óriás', 6, 58, '2018-11-13 09:50:00', '2018-11-13 12:05:00', '8,37'),
(571, 'Zálogcsillagok', 7, 58, '2018-11-13 09:50:00', '2018-11-13 10:20:00', '54,79');
INSERT INTO `shows` (`id`, `show_name`, `channel_id`, `show_category_id`, `start_date`, `end_date`, `actor_ids`) VALUES
(572, 'A második esély', 1, 103, '2018-11-13 09:55:00', '2018-11-13 10:50:00', '50,77'),
(573, 'Modern Család', 2, 103, '2018-11-13 10:00:00', '2018-11-13 10:30:00', '84,78'),
(574, 'Hogyan készül?', 4, 103, '2018-11-13 10:00:00', '2018-11-13 10:30:00', '2,43'),
(575, 'Tényleg így készül?!', 9, 103, '2018-11-13 10:00:00', '2018-11-13 10:30:00', '79,78'),
(576, 'Erős emberek', 12, 103, '2018-11-13 10:00:00', '2018-11-13 11:00:00', '79,37'),
(577, 'Szellemekkel suttogó', 15, 103, '2018-11-13 10:10:00', '2018-11-13 11:10:00', '66,11'),
(578, 'Oroszországtól Iránig: Át a vad határon', 11, 103, '2018-11-13 10:15:00', '2018-11-13 11:15:00', '66,53'),
(579, 'Televíziós vásárlás', 13, 103, '2018-11-13 10:15:00', '2018-11-13 11:15:00', '71,94'),
(580, 'Zálogcsillagok', 7, 58, '2018-11-13 10:20:00', '2018-11-13 10:50:00', '1,31'),
(581, 'Modern Család', 2, 58, '2018-11-13 10:30:00', '2018-11-13 11:00:00', '36,71'),
(582, 'Hogyan csinálják?', 4, 58, '2018-11-13 10:30:00', '2018-11-13 11:00:00', '44,39'),
(583, 'Olimpiai Játékok', 5, 58, '2018-11-13 10:30:00', '2018-11-13 11:30:00', '90,38'),
(584, 'Tényleg így készül?!', 9, 58, '2018-11-13 10:30:00', '2018-11-13 11:00:00', '28,45'),
(585, 'Hogyan neveljünk...', 1, 16, '2018-11-13 10:50:00', '2018-11-13 11:45:00', '76,45'),
(586, 'Amerikai kincskeresők', 7, 58, '2018-11-13 10:50:00', '2018-11-13 11:45:00', '24,76'),
(587, 'Modern Család', 2, 58, '2018-11-13 11:00:00', '2018-11-13 11:30:00', '60,22'),
(588, 'Ausztrál kamionosok', 4, 58, '2018-11-13 11:00:00', '2018-11-13 12:00:00', '94,22'),
(589, 'Légikatasztrófák', 9, 100, '2018-11-13 11:00:00', '2018-11-13 12:00:00', '32,91'),
(590, 'Noé Kedvencei', 10, 100, '2018-11-13 11:00:00', '2018-11-13 11:35:00', '15,62'),
(591, 'Ökölvívás', 12, 100, '2018-11-13 11:00:00', '2018-11-13 14:00:00', '65,7'),
(592, 'Tények Délben', 14, 100, '2018-11-13 11:00:00', '2018-11-13 11:30:00', '77,61'),
(593, 'Sport 24', 3, 100, '2018-11-13 11:10:00', '2018-11-13 11:15:00', '1,42'),
(594, 'A mentalista', 15, 100, '2018-11-13 11:10:00', '2018-11-13 12:05:00', '86,26'),
(595, 'A nap hőse', 3, 100, '2018-11-13 11:15:00', '2018-11-13 11:25:00', '88,57'),
(596, 'Így működik a Világegyetem', 11, 100, '2018-11-13 11:15:00', '2018-11-13 12:10:00', '2,26'),
(597, 'AEROsport.', 13, 100, '2018-11-13 11:15:00', '2018-11-13 11:30:00', '1,56'),
(598, 'Labdarúgás', 3, 100, '2018-11-13 11:25:00', '2018-11-13 13:20:00', '52,96'),
(599, 'kisBAJNOK magazin', 8, 100, '2018-11-13 11:25:00', '2018-11-13 12:00:00', '37,84'),
(600, 'Modern Család', 2, 100, '2018-11-13 11:30:00', '2018-11-13 12:00:00', '26,40'),
(601, 'Snooker', 5, 100, '2018-11-13 11:30:00', '2018-11-13 12:55:00', '61,94'),
(602, 'Harmadik félidő', 13, 100, '2018-11-13 11:30:00', '2018-11-13 13:00:00', '90,34'),
(603, 'Walker, a texasi kopó', 14, 100, '2018-11-13 11:30:00', '2018-11-13 12:35:00', '36,10'),
(604, 'Éjjel-nappal Budapest', 10, 100, '2018-11-13 11:35:00', '2018-11-13 12:50:00', '40,94'),
(605, 'Állatgyógyász a Sziklás-hegységből', 1, 100, '2018-11-13 11:45:00', '2018-11-13 12:40:00', '36,45'),
(606, 'Texasi raktárháborúk', 7, 58, '2018-11-13 11:45:00', '2018-11-13 12:15:00', '13,19'),
(607, 'A Goldberg család', 2, 58, '2018-11-13 12:00:00', '2018-11-13 12:30:00', '1,55'),
(608, 'Aranyláz Alaszkában', 4, 82, '2018-11-13 12:00:00', '2018-11-13 13:00:00', '80,59'),
(609, 'Sporthíradó', 8, 82, '2018-11-13 12:00:00', '2018-11-13 12:30:00', '26,89'),
(610, 'Légikatasztrófák', 9, 100, '2018-11-13 12:00:00', '2018-11-13 13:00:00', '98,53'),
(611, 'Big Game - A nagyvad', 6, 100, '2018-11-13 12:05:00', '2018-11-13 13:50:00', '22,1'),
(612, 'Glades - Tengerparti gyilkosságok', 15, 100, '2018-11-13 12:05:00', '2018-11-13 13:05:00', '90,14'),
(613, 'Az agy titkai', 11, 16, '2018-11-13 12:10:00', '2018-11-13 13:10:00', '67,89'),
(614, 'Texasi raktárháborúk', 7, 58, '2018-11-13 12:15:00', '2018-11-13 12:45:00', '87,3'),
(615, 'A Goldberg család', 2, 58, '2018-11-13 12:30:00', '2018-11-13 13:00:00', '48,72'),
(616, 'Jövünk!', 8, 58, '2018-11-13 12:30:00', '2018-11-13 13:00:00', '87,93'),
(617, 'Walker, a texasi kopó', 14, 58, '2018-11-13 12:35:00', '2018-11-13 13:40:00', '96,30'),
(618, 'Ausztrál állatkert - Steve Irwin öröksége', 1, 58, '2018-11-13 12:40:00', '2018-11-13 13:35:00', '11,92'),
(619, 'Texasi raktárháborúk', 7, 58, '2018-11-13 12:45:00', '2018-11-13 13:15:00', '33,3'),
(620, 'Konyhafőnök VIP - A séfek csatája', 10, 58, '2018-11-13 12:50:00', '2018-11-13 14:50:00', '31,1'),
(621, 'Snooker', 5, 58, '2018-11-13 12:55:00', '2018-11-13 17:00:00', '69,19'),
(622, 'Agymenők', 2, 58, '2018-11-13 13:00:00', '2018-11-13 13:30:00', '33,17'),
(623, 'Az igazi prémvadászok', 4, 100, '2018-11-13 13:00:00', '2018-11-13 14:00:00', '88,56'),
(624, 'Tollaslabda', 8, 100, '2018-11-13 13:00:00', '2018-11-13 14:00:00', '13,21'),
(625, 'Garázs varázs', 9, 58, '2018-11-13 13:00:00', '2018-11-13 14:00:00', '68,6'),
(626, 'Labdarúgás', 13, 58, '2018-11-13 13:00:00', '2018-11-13 14:00:00', '49,57'),
(627, 'Castle', 15, 58, '2018-11-13 13:05:00', '2018-11-13 14:00:00', '43,94'),
(628, 'Esélytelenül a harcmezőn', 11, 95, '2018-11-13 13:10:00', '2018-11-13 14:05:00', '95,39'),
(629, 'Texasi raktárháborúk', 7, 58, '2018-11-13 13:15:00', '2018-11-13 13:40:00', '60,70'),
(630, 'Labdarúgás', 3, 58, '2018-11-13 13:20:00', '2018-11-13 14:00:00', '35,94'),
(631, 'Agymenők', 2, 58, '2018-11-13 13:30:00', '2018-11-13 14:00:00', '69,50'),
(632, 'Állati betolakodók', 1, 58, '2018-11-13 13:35:00', '2018-11-13 14:30:00', '65,16'),
(633, 'Texasi raktárháborúk', 7, 58, '2018-11-13 13:40:00', '2018-11-13 14:10:00', '9,6'),
(634, 'Julieta', 14, 58, '2018-11-13 13:40:00', '2018-11-13 14:45:00', '67,29'),
(635, 'Rocky III.', 6, 58, '2018-11-13 13:50:00', '2018-11-13 15:50:00', '33,76'),
(636, 'Agymenők', 2, 58, '2018-11-13 14:00:00', '2018-11-13 14:31:00', '82,20'),
(637, 'Tenisz', 3, 58, '2018-11-13 14:00:00', '2018-11-13 16:05:00', '64,53'),
(638, 'Alaszka, a legvégső határ', 4, 16, '2018-11-13 14:00:00', '2018-11-13 15:00:00', '83,25'),
(639, 'Labdarúgó közvetítés', 8, 16, '2018-11-13 14:00:00', '2018-11-13 16:00:00', '60,91'),
(640, 'Garázs varázs', 9, 58, '2018-11-13 14:00:00', '2018-11-13 15:00:00', '87,86'),
(641, 'American Football - NFL', 12, 58, '2018-11-13 14:00:00', '2018-11-13 17:30:00', '18,20'),
(642, 'Labdarúgás', 13, 58, '2018-11-13 14:00:00', '2018-11-13 15:00:00', '14,9'),
(643, 'Lucifer', 15, 58, '2018-11-13 14:00:00', '2018-11-13 15:00:00', '62,48'),
(644, 'A 2000-es évek Amerikája', 11, 16, '2018-11-13 14:05:00', '2018-11-13 15:00:00', '8,33'),
(645, 'Tűzben edzett', 7, 58, '2018-11-13 14:10:00', '2018-11-13 15:10:00', '17,54'),
(646, 'Kalandok a Kruger Nemzeti Parkban', 1, 58, '2018-11-13 14:30:00', '2018-11-13 15:25:00', '20,61'),
(647, 'Agymenők', 2, 58, '2018-11-13 14:31:00', '2018-11-13 15:00:00', '20,65'),
(648, 'Titkok szállodája', 14, 58, '2018-11-13 14:45:00', '2018-11-13 15:50:00', '55,70'),
(649, 'Story Extra', 10, 58, '2018-11-13 14:50:00', '2018-11-13 15:20:00', '73,26'),
(650, 'A Goldberg család', 2, 58, '2018-11-13 15:00:00', '2018-11-13 15:30:00', '40,50'),
(651, 'Az alaszkai vadon gyermekei', 4, 58, '2018-11-13 15:00:00', '2018-11-13 16:00:00', '18,56'),
(652, 'Pedig jó ötletnek tűnt', 9, 58, '2018-11-13 15:00:00', '2018-11-13 15:30:00', '46,87'),
(653, 'Mérnöki csúcsteljesítmények', 11, 100, '2018-11-13 15:00:00', '2018-11-13 16:00:00', '22,66'),
(654, 'Germánia', 13, 100, '2018-11-13 15:00:00', '2018-11-13 16:00:00', '58,86'),
(655, 'Szellemekkel suttogó', 15, 100, '2018-11-13 15:00:00', '2018-11-13 16:00:00', '70,52'),
(656, 'Amerikai kincskeresők', 7, 58, '2018-11-13 15:10:00', '2018-11-13 16:05:00', '38,86'),
(657, 'Elif - A szeretet útján', 10, 58, '2018-11-13 15:20:00', '2018-11-13 16:25:00', '10,23'),
(658, 'Állatrendőrség Houstonban', 1, 100, '2018-11-13 15:25:00', '2018-11-13 16:20:00', '43,91'),
(659, 'A Goldberg család', 2, 100, '2018-11-13 15:30:00', '2018-11-13 16:00:00', '47,43'),
(660, 'Pedig jó ötletnek tűnt', 9, 100, '2018-11-13 15:30:00', '2018-11-13 16:00:00', '87,49'),
(661, 'Csúcsformában 2.', 6, 100, '2018-11-13 15:50:00', '2018-11-13 17:40:00', '74,14'),
(662, 'Feriha', 14, 100, '2018-11-13 15:50:00', '2018-11-13 17:00:00', '43,36'),
(663, 'Modern Család', 2, 100, '2018-11-13 16:00:00', '2018-11-13 16:30:00', '17,36'),
(664, 'Autókereskedők', 4, 100, '2018-11-13 16:00:00', '2018-11-13 17:00:00', '39,37'),
(665, 'Sporthíradó', 8, 100, '2018-11-13 16:00:00', '2018-11-13 16:15:00', '70,50'),
(666, 'Pedig jó ötletnek tűnt', 9, 100, '2018-11-13 16:00:00', '2018-11-13 16:30:00', '74,96'),
(667, 'Grandiózus hajók', 11, 16, '2018-11-13 16:00:00', '2018-11-13 17:00:00', '26,50'),
(668, 'Jégkorong', 13, 16, '2018-11-13 16:00:00', '2018-11-13 18:30:00', '63,8'),
(669, 'A mentalista', 15, 16, '2018-11-13 16:00:00', '2018-11-13 17:00:00', '26,34'),
(670, 'Labdarúgás', 3, 16, '2018-11-13 16:05:00', '2018-11-13 17:55:00', '67,90'),
(671, 'Hegyi emberek', 7, 58, '2018-11-13 16:05:00', '2018-11-13 17:05:00', '69,26'),
(672, 'Labdarúgó közvetítés', 8, 58, '2018-11-13 16:15:00', '2018-11-13 18:00:00', '93,90'),
(673, 'Hogyan neveljünk...', 1, 16, '2018-11-13 16:20:00', '2018-11-13 17:15:00', '56,8'),
(674, 'Fókusz', 10, 16, '2018-11-13 16:25:00', '2018-11-13 17:00:00', '13,18'),
(675, 'Modern Család', 2, 16, '2018-11-13 16:30:00', '2018-11-13 17:00:00', '28,80'),
(676, 'Pedig jó ötletnek tűnt', 9, 16, '2018-11-13 16:30:00', '2018-11-13 17:00:00', '11,38'),
(677, 'Modern Család', 2, 16, '2018-11-13 17:00:00', '2018-11-13 17:30:00', '53,95'),
(678, 'Autókereskedők', 4, 100, '2018-11-13 17:00:00', '2018-11-13 17:30:00', '58,33'),
(679, 'Labdarúgás', 5, 100, '2018-11-13 17:00:00', '2018-11-13 17:55:00', '48,39'),
(680, 'Légikatasztrófák', 9, 100, '2018-11-13 17:00:00', '2018-11-13 18:00:00', '48,59'),
(681, 'RTL Híradó Esti kiadás', 10, 100, '2018-11-13 17:00:00', '2018-11-13 18:00:00', '75,57'),
(682, 'Oroszországtól Iránig: Át a vad határon', 11, 100, '2018-11-13 17:00:00', '2018-11-13 18:00:00', '43,13'),
(683, 'Tények', 14, 100, '2018-11-13 17:00:00', '2018-11-13 18:00:00', '81,19'),
(684, 'Castle', 15, 100, '2018-11-13 17:00:00', '2018-11-13 18:00:00', '77,73'),
(685, 'Texasi raktárháborúk', 7, 58, '2018-11-13 17:05:00', '2018-11-13 17:35:00', '47,68'),
(686, 'A második esély', 1, 103, '2018-11-13 17:15:00', '2018-11-13 18:10:00', '16,94'),
(687, 'Modern Család', 2, 103, '2018-11-13 17:30:00', '2018-11-13 18:00:00', '71,93'),
(688, 'Autókereskedők', 4, 100, '2018-11-13 17:30:00', '2018-11-13 18:00:00', '57,39'),
(689, 'A Bundesliga csapatai', 12, 100, '2018-11-13 17:30:00', '2018-11-13 17:45:00', '97,14'),
(690, 'Texasi raktárháborúk', 7, 58, '2018-11-13 17:35:00', '2018-11-13 18:00:00', '46,19'),
(691, 'Egyiptom istenei', 6, 58, '2018-11-13 17:40:00', '2018-11-13 20:00:00', '48,95'),
(692, 'Mai helyzet', 12, 58, '2018-11-13 17:45:00', '2018-11-13 18:00:00', '42,24'),
(693, 'Labdarúgás', 3, 58, '2018-11-13 17:55:00', '2018-11-13 19:45:00', '35,86'),
(694, 'Autóverseny', 5, 58, '2018-11-13 17:55:00', '2018-11-13 18:25:00', '86,54'),
(695, 'Agymenők', 2, 58, '2018-11-13 18:00:00', '2018-11-13 18:30:00', '30,5'),
(696, 'Hogyan készül?', 4, 58, '2018-11-13 18:00:00', '2018-11-13 18:30:00', '21,16'),
(697, 'Tűzben edzett', 7, 58, '2018-11-13 18:00:00', '2018-11-13 19:00:00', '50,22'),
(698, 'Hungaroring magazin', 8, 58, '2018-11-13 18:00:00', '2018-11-13 18:30:00', '91,94'),
(699, 'Tényleg így készül?!', 9, 58, '2018-11-13 18:00:00', '2018-11-13 18:30:00', '61,2'),
(700, 'Konyhafőnök VIP - A séfek csatája', 10, 58, '2018-11-13 18:00:00', '2018-11-13 19:50:00', '44,1'),
(701, 'Az agy titkai', 11, 16, '2018-11-13 18:00:00', '2018-11-13 19:00:00', '7,74'),
(702, 'Erős emberek', 12, 16, '2018-11-13 18:00:00', '2018-11-13 19:00:00', '39,38'),
(703, 'A legbátrabb páros', 14, 56, '2018-11-13 18:00:00', '2018-11-13 21:00:00', '36,18'),
(704, 'Lucifer', 15, 56, '2018-11-13 18:00:00', '2018-11-13 19:00:00', '71,4'),
(705, 'Állati őrangyalok', 1, 56, '2018-11-13 18:10:00', '2018-11-13 19:05:00', '28,64'),
(706, 'Lovaglás', 5, 56, '2018-11-13 18:25:00', '2018-11-13 18:50:00', '74,51'),
(707, 'Agymenők', 2, 56, '2018-11-13 18:30:00', '2018-11-13 19:00:00', '15,50'),
(708, 'Hogyan csinálják?', 4, 56, '2018-11-13 18:30:00', '2018-11-13 19:00:00', '26,43'),
(709, 'Fradi Tv', 8, 56, '2018-11-13 18:30:00', '2018-11-13 19:00:00', '7,71'),
(710, 'Tényleg így készül?!', 9, 56, '2018-11-13 18:30:00', '2018-11-13 19:00:00', '25,51'),
(711, 'NFL', 13, 56, '2018-11-13 18:30:00', '2018-11-13 22:00:00', '65,73'),
(712, 'Eurosport Hírek', 5, 56, '2018-11-13 18:50:00', '2018-11-13 18:55:00', '51,10'),
(713, 'Snooker', 5, 56, '2018-11-13 18:55:00', '2018-11-13 22:55:00', '92,1'),
(714, 'Agymenők', 2, 56, '2018-11-13 19:00:00', '2018-11-13 19:30:00', '86,58'),
(715, 'Félbehagyott mérnöki megoldások', 4, 56, '2018-11-13 19:00:00', '2018-11-13 20:00:00', '69,53'),
(716, 'Zálogcsillagok', 7, 58, '2018-11-13 19:00:00', '2018-11-13 19:30:00', '1,71'),
(717, 'Labdarúgó közvetítés', 8, 58, '2018-11-13 19:00:00', '2018-11-13 21:00:00', '57,53'),
(718, 'A Harmadik Birodalom építményei', 9, 16, '2018-11-13 19:00:00', '2018-11-13 20:00:00', '3,28'),
(719, 'A világegyetem', 11, 16, '2018-11-13 19:00:00', '2018-11-13 19:55:00', '57,33'),
(720, 'UFC', 12, 16, '2018-11-13 19:00:00', '2018-11-13 22:00:00', '79,22'),
(721, '200 Első randi', 15, 16, '2018-11-13 19:00:00', '2018-11-13 20:00:00', '9,55'),
(722, 'Európa vadonjai', 1, 16, '2018-11-13 19:05:00', '2018-11-13 20:00:00', '86,55'),
(723, 'Agymenők', 2, 16, '2018-11-13 19:30:00', '2018-11-13 20:00:00', '81,14'),
(724, 'Raktár-háborúk', 7, 58, '2018-11-13 19:30:00', '2018-11-13 20:00:00', '32,28'),
(725, 'Sport 24', 3, 58, '2018-11-13 19:45:00', '2018-11-13 20:00:00', '75,50'),
(726, 'Barátok közt', 10, 58, '2018-11-13 19:50:00', '2018-11-13 20:25:00', '98,97'),
(727, 'Brutális Digitális', 11, 58, '2018-11-13 19:55:00', '2018-11-13 20:05:00', '21,76'),
(728, 'Állati betolakodók', 1, 58, '2018-11-13 20:00:00', '2018-11-13 20:55:00', '28,55'),
(729, 'Agymenők', 2, 58, '2018-11-13 20:00:00', '2018-11-13 20:30:00', '61,78'),
(730, 'Tenisz', 3, 58, '2018-11-13 20:00:00', '2018-11-13 22:00:00', '43,47'),
(731, 'Monumentális történelem', 4, 58, '2018-11-13 20:00:00', '2018-11-13 21:00:00', '65,98'),
(732, '300 - A birodalom hajnala', 6, 58, '2018-11-13 20:00:00', '2018-11-13 22:00:00', '68,21'),
(733, 'Ősi idegenek', 7, 16, '2018-11-13 20:00:00', '2018-11-13 21:00:00', '68,81'),
(734, 'II. világháború: A csendes-óceáni hadszíntér', 9, 16, '2018-11-13 20:00:00', '2018-11-13 21:00:00', '62,18'),
(735, '200 Első randi', 15, 16, '2018-11-13 20:00:00', '2018-11-13 21:00:00', '61,75'),
(736, 'Esélytelenül a harcmezőn', 11, 95, '2018-11-13 20:05:00', '2018-11-13 21:00:00', '75,45'),
(737, 'Éjjel-nappal Budapest', 10, 95, '2018-11-13 20:25:00', '2018-11-13 21:45:00', '47,54'),
(738, 'Ifjú Sheldon', 2, 95, '2018-11-13 20:30:00', '2018-11-13 21:00:00', '2,28'),
(739, 'A második esély', 1, 103, '2018-11-13 20:55:00', '2018-11-13 21:50:00', '34,5'),
(740, 'Family Guy', 2, 103, '2018-11-13 21:00:00', '2018-11-13 21:30:00', '16,56'),
(741, 'Eltűnő városok', 4, 103, '2018-11-13 21:00:00', '2018-11-13 22:00:00', '20,88'),
(742, 'Zálogcsillagok', 7, 58, '2018-11-13 21:00:00', '2018-11-13 21:30:00', '22,81'),
(743, 'UEFA Bajnokok Ligája magazin', 8, 58, '2018-11-13 21:00:00', '2018-11-13 21:30:00', '24,83'),
(744, 'II. világháború: A csendes-óceáni hadszíntér', 9, 58, '2018-11-13 21:00:00', '2018-11-13 22:00:00', '19,41'),
(745, 'A sztálingrádi csata', 11, 58, '2018-11-13 21:00:00', '2018-11-13 21:55:00', '91,78'),
(746, 'Bogaras szülők', 14, 58, '2018-11-13 21:00:00', '2018-11-13 21:40:00', '89,58'),
(747, 'Harrow', 15, 58, '2018-11-13 21:00:00', '2018-11-13 22:15:00', '95,10'),
(748, 'South Park', 2, 58, '2018-11-13 21:30:00', '2018-11-13 22:00:00', '66,61'),
(749, 'Zálogcsillagok', 7, 58, '2018-11-13 21:30:00', '2018-11-13 22:00:00', '25,84'),
(750, 'Sporthíradó', 8, 58, '2018-11-13 21:30:00', '2018-11-13 22:00:00', '86,71'),
(751, 'NCIS - Tengerészeti helyszínelők', 14, 58, '2018-11-13 21:40:00', '2018-11-13 22:55:00', '59,71'),
(752, 'Házon kívül', 10, 58, '2018-11-13 21:45:00', '2018-11-13 22:15:00', '11,91'),
(753, 'A második esély', 1, 103, '2018-11-13 21:50:00', '2018-11-13 22:45:00', '45,57'),
(754, 'Élelmiszercsempészek világa', 11, 103, '2018-11-13 21:55:00', '2018-11-13 22:50:00', '15,10'),
(755, 'Brickleberry', 2, 103, '2018-11-13 22:00:00', '2018-11-13 22:30:00', '19,95'),
(756, 'Jégkorong', 3, 103, '2018-11-13 22:00:00', '2018-11-14 01:00:00', '65,47'),
(757, 'Mérnöki műtárgyak', 4, 103, '2018-11-13 22:00:00', '2018-11-13 23:00:00', '20,96'),
(758, 'Aeon Flux', 6, 103, '2018-11-13 22:00:00', '2018-11-13 23:50:00', '82,10'),
(759, 'Zálogcsillagok', 7, 58, '2018-11-13 22:00:00', '2018-11-13 22:30:00', '65,60'),
(760, 'Tollaslabda', 8, 58, '2018-11-13 22:00:00', '2018-11-13 23:00:00', '35,92'),
(761, 'I. világháború: A halál alagútjai', 9, 16, '2018-11-13 22:00:00', '2018-11-13 23:00:00', '7,47'),
(762, 'Labdarúgás', 12, 16, '2018-11-13 22:00:00', '2018-11-14 00:00:00', '29,30'),
(763, 'Sportverda', 13, 16, '2018-11-13 22:00:00', '2018-11-13 23:00:00', '79,74'),
(764, 'XXI. század - a legendák velünk élnek', 10, 16, '2018-11-13 22:15:00', '2018-11-13 22:45:00', '6,92'),
(765, 'NCIS - Tengerészeti helyszínelők', 14, 16, '2018-11-13 22:15:00', '2018-11-13 23:25:00', '72,41'),
(766, 'Csak egy kis pánik', 15, 16, '2018-11-13 22:15:00', '2018-11-14 00:25:00', '14,32'),
(767, 'Rick és Morty', 2, 3, '2018-11-13 22:30:00', '2018-11-13 23:00:00', '53,56'),
(768, 'Zálogcsillagok', 7, 58, '2018-11-13 22:30:00', '2018-11-13 22:55:00', '44,43'),
(769, 'A krokodilvadász - a legjobb pillanatok', 1, 58, '2018-11-13 22:45:00', '2018-11-13 23:40:00', '21,73'),
(770, 'RTL Híradó - Késő esti kiadás', 10, 58, '2018-11-13 22:45:00', '2018-11-13 23:15:00', '14,62'),
(771, 'Bolygónk, a Föld', 11, 100, '2018-11-13 22:50:00', '2018-11-13 23:55:00', '23,25'),
(772, 'Eurosport Hírek', 5, 100, '2018-11-13 22:55:00', '2018-11-13 23:00:00', '83,54'),
(773, 'Texasi raktárháborúk', 7, 58, '2018-11-13 22:55:00', '2018-11-13 23:25:00', '57,97'),
(774, 'Tények Extra', 14, 58, '2018-11-13 22:55:00', '2018-11-13 23:25:00', '59,35'),
(775, 'Firka villa', 2, 58, '2018-11-13 23:00:00', '2018-11-13 23:30:00', '13,16'),
(776, 'A Föld rejtélyes oldala', 4, 58, '2018-11-13 23:00:00', '2018-11-14 00:00:00', '33,10'),
(777, 'Autóverseny', 5, 58, '2018-11-13 23:00:00', '2018-11-13 23:30:00', '95,19'),
(778, 'Labdarúgó közvetítés', 8, 58, '2018-11-13 23:00:00', '2018-11-14 00:55:00', '2,1'),
(779, 'Amerika Nagy Háborúja 1917-1918', 9, 58, '2018-11-13 23:00:00', '2018-11-14 00:00:00', '55,43'),
(780, 'Mai helyzet', 13, 58, '2018-11-13 23:00:00', '2018-11-13 23:15:00', '18,40'),
(781, 'Magyarul Balóval', 10, 58, '2018-11-13 23:15:00', '2018-11-14 00:00:00', '45,57'),
(782, 'Kézilabda', 13, 58, '2018-11-13 23:15:00', '2018-11-14 01:15:00', '74,43'),
(783, 'Texasi raktárháborúk', 7, 58, '2018-11-13 23:25:00', '2018-11-13 23:50:00', '18,86'),
(784, 'Lángoló Chicago', 14, 58, '2018-11-13 23:25:00', '2018-11-14 00:35:00', '32,28'),
(785, 'Az utolsó ember a földön', 2, 58, '2018-11-13 23:30:00', '2018-11-14 00:00:00', '41,91'),
(786, 'Asztalitenisz', 5, 58, '2018-11-13 23:30:00', '2018-11-14 00:30:00', '22,46'),
(787, 'Állati betolakodók', 1, 58, '2018-11-13 23:40:00', '2018-11-14 00:35:00', '11,53'),
(788, 'Teljes leszámolás', 6, 58, '2018-11-13 23:50:00', '2018-11-14 01:40:00', '31,12'),
(789, 'Zálogcsillagok', 7, 58, '2018-11-13 23:50:00', '2018-11-14 00:20:00', '55,14'),
(790, 'Élet a nomádok között', 11, 103, '2018-11-13 23:55:00', '2018-11-14 01:00:00', '92,85'),
(791, 'Lángoló Chicago', 14, 103, '2018-11-13 23:55:00', '2018-11-14 00:55:00', '14,16'),
(792, 'Az utolsó ember a földön', 2, 103, '2018-11-14 00:00:00', '2018-11-14 00:30:00', '35,45'),
(793, 'Ne próbáld ki otthon!', 4, 103, '2018-11-14 00:00:00', '2018-11-14 01:00:00', '71,19'),
(794, 'II. világháború: A csendes-óceáni hadszíntér', 9, 103, '2018-11-14 00:00:00', '2018-11-14 01:00:00', '21,62'),
(795, 'HighLife', 10, 103, '2018-11-14 00:00:00', '2018-11-14 00:30:00', '68,89'),
(796, 'Labdarúgás', 12, 103, '2018-11-14 00:00:00', '2018-11-14 02:00:00', '19,49'),
(797, 'Raktár-háborúk', 7, 58, '2018-11-14 00:20:00', '2018-11-14 00:45:00', '44,20'),
(798, 'A mentalista', 15, 58, '2018-11-14 00:25:00', '2018-11-14 01:15:00', '23,57'),
(799, 'Már megint Malcolm', 2, 58, '2018-11-14 00:30:00', '2018-11-14 01:00:00', '4,26'),
(800, 'Műkorcsolya', 5, 58, '2018-11-14 00:30:00', '2018-11-14 02:00:00', '31,67'),
(801, 'KarrierZóna', 10, 58, '2018-11-14 00:30:00', '2018-11-14 01:05:00', '65,85'),
(802, 'Hogyan neveljünk...', 1, 16, '2018-11-14 00:35:00', '2018-11-14 01:25:00', '67,87'),
(803, 'Tények Este', 14, 16, '2018-11-14 00:35:00', '2018-11-14 01:25:00', '91,22'),
(804, 'Amerikai kincskeresők', 7, 58, '2018-11-14 00:45:00', '2018-11-14 01:35:00', '89,35'),
(805, 'Jövünk!', 8, 58, '2018-11-14 00:55:00', '2018-11-14 01:25:00', '66,58'),
(806, 'Tények Este', 14, 58, '2018-11-14 00:55:00', '2018-11-14 01:40:00', '57,40'),
(807, 'Family Guy', 2, 58, '2018-11-14 01:00:00', '2018-11-14 01:20:00', '50,67'),
(808, 'Sport 24', 3, 58, '2018-11-14 01:00:00', '2018-11-14 05:55:00', '75,52'),
(809, 'Félbehagyott mérnöki megoldások', 4, 58, '2018-11-14 01:00:00', '2018-11-14 02:00:00', '54,72'),
(810, 'II. világháború: A csendes-óceáni hadszíntér', 9, 58, '2018-11-14 01:00:00', '2018-11-14 01:48:00', '27,33'),
(811, 'Grandiózus hajók', 11, 16, '2018-11-14 01:00:00', '2018-11-14 01:50:00', '71,96'),
(812, 'Mi muzsikus lelkek', 10, 16, '2018-11-14 01:05:00', '2018-11-14 01:40:00', '7,31'),
(813, 'Kézilabda', 13, 16, '2018-11-14 01:15:00', '2018-11-14 03:15:00', '55,66'),
(814, 'Glades - Tengerparti gyilkosságok', 15, 16, '2018-11-14 01:15:00', '2018-11-14 02:00:00', '14,67'),
(815, 'South Park', 2, 16, '2018-11-14 01:20:00', '2018-11-14 01:45:00', '55,21'),
(816, 'A második esély', 1, 103, '2018-11-14 01:25:00', '2018-11-14 02:15:00', '2,31'),
(817, 'Hungaroring magazin', 8, 103, '2018-11-14 01:25:00', '2018-11-14 01:50:00', '98,33'),
(818, 'Briliáns elmék', 14, 103, '2018-11-14 01:25:00', '2018-11-14 02:20:00', '2,35'),
(819, 'Zálogcsillagok', 7, 58, '2018-11-14 01:35:00', '2018-11-14 01:55:00', '1,76'),
(820, 'A végrehajtó', 6, 58, '2018-11-14 01:40:00', '2018-11-14 03:30:00', '25,35'),
(821, 'Homeland: A belső ellenség', 10, 58, '2018-11-14 01:40:00', '2018-11-14 03:00:00', '41,32'),
(822, 'Briliáns elmék', 14, 58, '2018-11-14 01:40:00', '2018-11-14 02:30:00', '50,66'),
(823, 'Modern Család', 2, 58, '2018-11-14 01:45:00', '2018-11-14 02:05:00', '88,43'),
(824, 'Országút a pokolba', 9, 16, '2018-11-14 01:48:00', '2018-11-14 02:36:00', '5,38'),
(825, 'Labdarúgó közvetítés', 8, 16, '2018-11-14 01:50:00', '2018-11-14 03:40:00', '72,20'),
(826, 'A világ pusztuló csodái', 11, 16, '2018-11-14 01:50:00', '2018-11-14 02:35:00', '66,43'),
(827, 'Zálogcsillagok', 7, 58, '2018-11-14 01:55:00', '2018-11-14 02:20:00', '94,42'),
(828, 'Monumentális történelem', 4, 58, '2018-11-14 02:00:00', '2018-11-14 02:50:00', '15,52'),
(829, 'Snooker', 5, 58, '2018-11-14 02:00:00', '2018-11-14 04:00:00', '17,52'),
(830, 'Labdarúgás', 12, 58, '2018-11-14 02:00:00', '2018-11-14 04:00:00', '73,88'),
(831, 'Szellemekkel suttogó', 15, 58, '2018-11-14 02:00:00', '2018-11-14 02:45:00', '56,90'),
(832, 'Modern Család', 2, 58, '2018-11-14 02:05:00', '2018-11-14 02:30:00', '92,14'),
(833, 'Állati őrangyalok', 1, 58, '2018-11-14 02:15:00', '2018-11-14 03:02:00', '59,85'),
(834, 'Texasi raktárháborúk', 7, 58, '2018-11-14 02:20:00', '2018-11-14 02:45:00', '8,45'),
(835, 'Fejjel a falnak', 14, 58, '2018-11-14 02:20:00', '2018-11-14 03:05:00', '15,20'),
(836, 'Modern Család', 2, 58, '2018-11-14 02:30:00', '2018-11-14 02:55:00', '77,44'),
(837, 'Fejjel a falnak', 14, 58, '2018-11-14 02:30:00', '2018-11-14 03:10:00', '75,13'),
(838, 'Élelmiszercsempészek világa', 11, 58, '2018-11-14 02:35:00', '2018-11-14 03:20:00', '56,78'),
(839, 'Tabu', 9, 100, '2018-11-14 02:36:00', '2018-11-14 03:24:00', '95,47'),
(840, 'Texasi raktárháborúk', 7, 58, '2018-11-14 02:45:00', '2018-11-14 03:05:00', '4,76'),
(841, 'Szívek szállodája', 15, 58, '2018-11-14 02:45:00', '2018-11-14 05:00:00', '88,30'),
(842, 'Autókereskedők', 4, 100, '2018-11-14 02:50:00', '2018-11-14 03:40:00', '35,47'),
(843, 'Modern Család', 2, 100, '2018-11-14 02:55:00', '2018-11-14 03:20:00', '4,1'),
(844, 'Barátok közt', 10, 100, '2018-11-14 03:00:00', '2018-11-14 03:30:00', '30,15'),
(845, 'Európa vadonjai', 1, 100, '2018-11-14 03:02:00', '2018-11-14 03:49:00', '83,33'),
(846, 'Amerikai kincskeresők', 7, 58, '2018-11-14 03:05:00', '2018-11-14 03:50:00', '61,52'),
(847, 'Fejjel a falnak', 14, 58, '2018-11-14 03:10:00', '2018-11-14 03:50:00', '7,98'),
(848, 'Kézilabda', 13, 58, '2018-11-14 03:15:00', '2018-11-14 05:00:00', '31,84'),
(849, 'Már megint Malcolm', 2, 58, '2018-11-14 03:20:00', '2018-11-14 03:45:00', '85,63'),
(850, 'A világegyetem', 11, 58, '2018-11-14 03:20:00', '2018-11-14 04:05:00', '5,53'),
(851, 'A Harmadik Birodalom építményei', 9, 16, '2018-11-14 03:24:00', '2018-11-14 04:12:00', '14,49'),
(852, 'A jelszó: Világvége 2.', 6, 16, '2018-11-14 03:30:00', '2018-11-14 05:00:00', '12,89'),
(853, 'Pecatúra magazin', 8, 16, '2018-11-14 03:30:00', '2018-11-14 04:00:00', '29,75'),
(854, 'Magyarul Balóval', 10, 16, '2018-11-14 03:30:00', '2018-11-14 04:05:00', '80,92'),
(855, 'Autókereskedők', 4, 100, '2018-11-14 03:40:00', '2018-11-14 04:30:00', '56,74'),
(856, 'Már megint Malcolm', 2, 100, '2018-11-14 03:45:00', '2018-11-14 04:10:00', '16,26'),
(857, 'A második esély', 1, 103, '2018-11-14 03:49:00', '2018-11-14 04:36:00', '94,16'),
(858, 'Texasi raktárháborúk', 7, 58, '2018-11-14 03:50:00', '2018-11-14 04:15:00', '61,39'),
(859, 'Csapdába csalva', 14, 58, '2018-11-14 03:50:00', '2018-11-14 04:15:00', '88,19'),
(860, 'Olimpiai Játékok', 5, 58, '2018-11-14 04:00:00', '2018-11-14 05:00:00', '71,12'),
(861, 'kisBAJNOK magazin', 8, 58, '2018-11-14 04:00:00', '2018-11-14 04:30:00', '92,79'),
(862, 'Labdarúgás', 12, 58, '2018-11-14 04:00:00', '2018-11-14 05:00:00', '19,46'),
(863, 'Top Shop', 10, 58, '2018-11-14 04:05:00', '2018-11-14 04:35:00', '83,17'),
(864, 'A nap fogása', 11, 58, '2018-11-14 04:05:00', '2018-11-14 04:30:00', '10,86'),
(865, 'A Comedy Central Bemutatja', 2, 58, '2018-11-14 04:10:00', '2018-11-14 04:35:00', '60,46'),
(866, 'A Harmadik Birodalom építményei', 9, 16, '2018-11-14 04:12:00', '2018-11-14 05:00:00', '83,14'),
(867, 'Texasi raktárháborúk', 7, 58, '2018-11-14 04:15:00', '2018-11-14 04:35:00', '39,61'),
(868, 'Tűsarok', 14, 58, '2018-11-14 04:15:00', '2018-11-14 04:20:00', '51,38'),
(869, 'Szívdobbanás', 14, 58, '2018-11-14 04:20:00', '2018-11-14 05:20:00', '98,54'),
(870, 'Hogyan csinálják?', 4, 58, '2018-11-14 04:30:00', '2018-11-14 05:00:00', '46,10'),
(871, 'Fradi Tv', 8, 58, '2018-11-14 04:30:00', '2018-11-14 04:55:00', '95,40'),
(872, 'A nap fogása', 11, 58, '2018-11-14 04:30:00', '2018-11-14 05:00:00', '74,1'),
(873, 'A Comedy Central Bemutatja', 2, 58, '2018-11-14 04:35:00', '2018-11-14 05:00:00', '3,64'),
(874, 'Texasi raktárháborúk', 7, 58, '2018-11-14 04:35:00', '2018-11-14 05:00:00', '79,50'),
(875, 'Jó reggelt, skacok!', 10, 58, '2018-11-14 04:35:00', '2018-11-14 06:15:00', '52,65'),
(876, 'Echo és az Amboseli elefántjai', 1, 100, '2018-11-14 04:36:00', '2018-11-14 05:00:00', '14,28'),
(877, 'Múlt és Jelen', 8, 7, '2018-11-14 04:55:00', '2018-11-14 05:30:00', '84,5'),
(878, 'Echo és az Amboseli elefántjai', 1, 100, '2018-11-14 05:00:00', '2018-11-14 05:25:00', '33,42'),
(879, 'Family Guy', 2, 100, '2018-11-14 05:00:00', '2018-11-14 05:30:00', '54,3'),
(880, 'Hogyan csinálják?', 4, 100, '2018-11-14 05:00:00', '2018-11-14 05:25:00', '9,22'),
(881, 'Olimpiai Játékok', 5, 100, '2018-11-14 05:00:00', '2018-11-14 05:30:00', '59,83'),
(882, 'Televíziós vásárlás', 6, 100, '2018-11-14 05:00:00', '2018-11-14 08:00:00', '55,41'),
(883, 'Abszolút kocsik', 7, 100, '2018-11-14 05:00:00', '2018-11-14 05:45:00', '79,61'),
(884, 'Légikatasztrófák', 9, 100, '2018-11-14 05:00:00', '2018-11-14 06:00:00', '38,46'),
(885, 'A világ pusztuló csodái', 11, 100, '2018-11-14 05:00:00', '2018-11-14 05:55:00', '37,31'),
(886, 'Televíziós vásárlás', 12, 100, '2018-11-14 05:00:00', '2018-11-14 06:30:00', '37,57'),
(887, 'Lovassport', 13, 100, '2018-11-14 05:00:00', '2018-11-14 05:30:00', '33,85'),
(888, 'TV SHOP', 15, 100, '2018-11-14 05:00:00', '2018-11-14 05:30:00', '77,85'),
(889, 'Mokka', 14, 100, '2018-11-14 05:20:00', '2018-11-14 05:25:00', '14,36'),
(890, 'Kalandok a Kruger Nemzeti Parkban', 1, 100, '2018-11-14 05:25:00', '2018-11-14 06:15:00', '58,79'),
(891, 'Amcsi benzinfalók', 4, 100, '2018-11-14 05:25:00', '2018-11-14 06:15:00', '19,71'),
(892, 'Tények Reggel', 14, 100, '2018-11-14 05:25:00', '2018-11-14 05:55:00', '83,94'),
(893, 'Family Guy', 2, 100, '2018-11-14 05:30:00', '2018-11-14 06:00:00', '8,60'),
(894, 'Sportok', 5, 100, '2018-11-14 05:30:00', '2018-11-14 06:30:00', '3,69'),
(895, 'Sporthíradó', 8, 100, '2018-11-14 05:30:00', '2018-11-14 06:00:00', '18,61'),
(896, 'Lovassport', 13, 100, '2018-11-14 05:30:00', '2018-11-14 06:00:00', '27,72'),
(897, 'Jóbarátok', 15, 100, '2018-11-14 05:30:00', '2018-11-14 05:55:00', '40,84'),
(898, 'Zálogcsillagok', 7, 58, '2018-11-14 05:45:00', '2018-11-14 06:10:00', '9,77'),
(899, 'Reggeli Start', 3, 58, '2018-11-14 05:55:00', '2018-11-14 07:30:00', '73,24'),
(900, 'Hogyan készül?', 11, 58, '2018-11-14 05:55:00', '2018-11-14 06:05:00', '41,74'),
(901, 'Mokka', 14, 58, '2018-11-14 05:55:00', '2018-11-14 07:50:00', '73,3'),
(902, 'Jóbarátok', 15, 58, '2018-11-14 05:55:00', '2018-11-14 06:25:00', '42,65'),
(903, 'Már megint Malcolm', 2, 58, '2018-11-14 06:00:00', '2018-11-14 06:30:00', '18,44'),
(904, 'Sporthíradó', 8, 58, '2018-11-14 06:00:00', '2018-11-14 06:30:00', '54,29'),
(905, 'Dr. Pol állatklinikája', 9, 16, '2018-11-14 06:00:00', '2018-11-14 07:00:00', '6,30'),
(906, 'Lovassport', 13, 16, '2018-11-14 06:00:00', '2018-11-14 06:30:00', '85,60'),
(907, 'Bolygónk, a Föld', 11, 100, '2018-11-14 06:05:00', '2018-11-14 07:10:00', '46,44'),
(908, 'Amerikai kincskeresők', 7, 58, '2018-11-14 06:10:00', '2018-11-14 07:00:00', '92,96'),
(909, 'Állatrendőrség Houstonban', 1, 100, '2018-11-14 06:15:00', '2018-11-14 07:10:00', '90,40'),
(910, 'A túlélés törvényei', 4, 100, '2018-11-14 06:15:00', '2018-11-14 07:05:00', '9,52'),
(911, 'Reggeli', 10, 100, '2018-11-14 06:15:00', '2018-11-14 08:20:00', '49,43'),
(912, 'Jóbarátok', 15, 100, '2018-11-14 06:25:00', '2018-11-14 06:50:00', '80,33'),
(913, 'Már megint Malcolm', 2, 100, '2018-11-14 06:30:00', '2018-11-14 07:00:00', '39,35'),
(914, 'Asztalitenisz', 5, 100, '2018-11-14 06:30:00', '2018-11-14 07:30:00', '43,82'),
(915, 'Labdarúgó közvetítés', 8, 100, '2018-11-14 06:30:00', '2018-11-14 08:25:00', '41,36'),
(916, 'Labdarúgás', 12, 100, '2018-11-14 06:30:00', '2018-11-14 07:00:00', '69,1'),
(917, 'Televíziós vásárlás', 13, 100, '2018-11-14 06:30:00', '2018-11-14 08:00:00', '49,1'),
(918, 'Jóbarátok', 15, 100, '2018-11-14 06:50:00', '2018-11-14 07:20:00', '50,85'),
(919, 'Agymenők', 2, 100, '2018-11-14 07:00:00', '2018-11-14 07:30:00', '56,93'),
(920, 'Amerikai kincskeresők', 7, 58, '2018-11-14 07:00:00', '2018-11-14 07:55:00', '89,72'),
(921, 'Dr. Pol állatklinikája', 9, 16, '2018-11-14 07:00:00', '2018-11-14 08:00:00', '35,79'),
(922, 'Labdarúgás', 12, 16, '2018-11-14 07:00:00', '2018-11-14 08:00:00', '72,93'),
(923, 'Raktárvadászok', 4, 100, '2018-11-14 07:05:00', '2018-11-14 07:30:00', '95,26'),
(924, 'A második esély', 1, 103, '2018-11-14 07:10:00', '2018-11-14 08:05:00', '60,52'),
(925, 'Mérnöki csúcsteljesítmények', 11, 100, '2018-11-14 07:10:00', '2018-11-14 08:10:00', '26,7'),
(926, 'Agymenők', 15, 100, '2018-11-14 07:20:00', '2018-11-14 07:50:00', '60,35'),
(927, 'Agymenők', 2, 100, '2018-11-14 07:30:00', '2018-11-14 08:00:00', '60,85'),
(928, 'Sport 24', 3, 100, '2018-11-14 07:30:00', '2018-11-14 07:40:00', '59,24'),
(929, 'Az alkukirály', 4, 100, '2018-11-14 07:30:00', '2018-11-14 08:00:00', '44,39'),
(930, 'Autóverseny', 5, 100, '2018-11-14 07:30:00', '2018-11-14 08:00:00', '19,89'),
(931, 'A nap hőse', 3, 100, '2018-11-14 07:40:00', '2018-11-14 07:50:00', '26,68'),
(932, 'Labdarúgás', 3, 100, '2018-11-14 07:50:00', '2018-11-14 09:40:00', '66,17'),
(933, 'Topshop', 14, 100, '2018-11-14 07:50:00', '2018-11-14 09:00:00', '36,48'),
(934, 'Agymenők', 15, 100, '2018-11-14 07:50:00', '2018-11-14 08:15:00', '30,70'),
(935, 'Ősi idegenek', 7, 16, '2018-11-14 07:55:00', '2018-11-14 08:55:00', '10,38'),
(936, 'Agymenők', 2, 16, '2018-11-14 08:00:00', '2018-11-14 08:30:00', '45,38'),
(937, 'Licitvadászok', 4, 58, '2018-11-14 08:00:00', '2018-11-14 08:30:00', '68,10'),
(938, 'Snooker', 5, 58, '2018-11-14 08:00:00', '2018-11-14 09:55:00', '83,38'),
(939, 'Sárkányok háborúja', 6, 58, '2018-11-14 08:00:00', '2018-11-14 09:40:00', '84,32'),
(940, 'Tárcsázza Cesar Millant!', 9, 16, '2018-11-14 08:00:00', '2018-11-14 09:00:00', '3,59'),
(941, 'Germánia', 12, 16, '2018-11-14 08:00:00', '2018-11-14 09:00:00', '97,90'),
(942, 'Mai helyzet', 13, 16, '2018-11-14 08:00:00', '2018-11-14 08:15:00', '35,85'),
(943, 'Állati őrangyalok', 1, 16, '2018-11-14 08:05:00', '2018-11-14 09:00:00', '51,95'),
(944, 'Grandiózus hajók', 11, 16, '2018-11-14 08:10:00', '2018-11-14 09:10:00', '44,88'),
(945, 'Harmadik félidő', 13, 16, '2018-11-14 08:15:00', '2018-11-14 09:45:00', '15,11'),
(946, 'Szívek szállodája', 15, 16, '2018-11-14 08:15:00', '2018-11-14 09:15:00', '7,47'),
(947, 'Asztro-Show', 10, 16, '2018-11-14 08:20:00', '2018-11-14 09:25:00', '58,3'),
(948, 'Szabadidő magazin', 8, 16, '2018-11-14 08:25:00', '2018-11-14 09:00:00', '98,68'),
(949, 'Agymenők', 2, 16, '2018-11-14 08:30:00', '2018-11-14 09:00:00', '37,60'),
(950, 'Angliai raktárvadászok', 4, 58, '2018-11-14 08:30:00', '2018-11-14 09:00:00', '19,82'),
(951, 'Zálogcsillagok', 7, 58, '2018-11-14 08:55:00', '2018-11-14 09:25:00', '26,64'),
(952, 'Európa vadonjai', 1, 58, '2018-11-14 09:00:00', '2018-11-14 09:55:00', '88,95'),
(953, 'A Goldberg család', 2, 58, '2018-11-14 09:00:00', '2018-11-14 09:30:00', '83,16'),
(954, 'Mérnöki műtárgyak', 4, 58, '2018-11-14 09:00:00', '2018-11-14 10:00:00', '70,41'),
(955, 'Sporthíradó', 8, 58, '2018-11-14 09:00:00', '2018-11-14 09:35:00', '39,80'),
(956, 'Alaszkai ezermesterek', 9, 58, '2018-11-14 09:00:00', '2018-11-14 10:00:00', '83,65'),
(957, 'Televíziós vásárlás', 12, 58, '2018-11-14 09:00:00', '2018-11-14 10:00:00', '54,33'),
(958, 'Teleshop', 14, 58, '2018-11-14 09:00:00', '2018-11-14 09:45:00', '51,23'),
(959, 'Élet a nomádok között', 11, 103, '2018-11-14 09:10:00', '2018-11-14 10:15:00', '98,2'),
(960, 'Szívek szállodája', 15, 103, '2018-11-14 09:15:00', '2018-11-14 10:10:00', '48,1'),
(961, 'Zálogcsillagok', 7, 58, '2018-11-14 09:25:00', '2018-11-14 09:50:00', '79,23'),
(962, 'Top Shop', 10, 58, '2018-11-14 09:25:00', '2018-11-14 11:00:00', '7,47'),
(963, 'A Goldberg család', 2, 58, '2018-11-14 09:30:00', '2018-11-14 10:00:00', '77,93'),
(964, 'Jövünk!', 8, 58, '2018-11-14 09:35:00', '2018-11-14 10:05:00', '41,26'),
(965, 'Sport 24', 3, 58, '2018-11-14 09:40:00', '2018-11-14 09:45:00', '93,45'),
(966, 'Mulan', 6, 58, '2018-11-14 09:40:00', '2018-11-14 11:55:00', '1,31'),
(967, 'A nap hőse', 3, 58, '2018-11-14 09:45:00', '2018-11-14 09:55:00', '84,63'),
(968, 'Autósport', 13, 10, '2018-11-14 09:45:00', '2018-11-14 10:15:00', '10,43'),
(969, 'Astro-Világ', 14, 10, '2018-11-14 09:45:00', '2018-11-14 11:00:00', '79,84'),
(970, 'Zálogcsillagok', 7, 58, '2018-11-14 09:50:00', '2018-11-14 10:20:00', '3,22'),
(971, 'A második esély', 1, 103, '2018-11-14 09:55:00', '2018-11-14 10:50:00', '62,36'),
(972, 'Labdarúgás', 3, 103, '2018-11-14 09:55:00', '2018-11-14 11:45:00', '12,11'),
(973, 'Cselgáncs', 5, 103, '2018-11-14 09:55:00', '2018-11-14 10:00:00', '34,57'),
(974, 'Modern Család', 2, 103, '2018-11-14 10:00:00', '2018-11-14 10:30:00', '21,81'),
(975, 'Hogyan készül?', 4, 103, '2018-11-14 10:00:00', '2018-11-14 10:30:00', '33,4'),
(976, 'Olimpiai Játékok', 5, 103, '2018-11-14 10:00:00', '2018-11-14 11:00:00', '96,98'),
(977, 'Tényleg így készül?!', 9, 103, '2018-11-14 10:00:00', '2018-11-14 10:30:00', '56,18'),
(978, 'Darts', 12, 103, '2018-11-14 10:00:00', '2018-11-14 13:00:00', '29,94'),
(979, 'Labdarúgó közvetítés', 8, 103, '2018-11-14 10:05:00', '2018-11-14 12:00:00', '45,21'),
(980, 'Szellemekkel suttogó', 15, 103, '2018-11-14 10:10:00', '2018-11-14 11:10:00', '42,25'),
(981, 'Oroszországtól Iránig: Át a vad határon', 11, 103, '2018-11-14 10:15:00', '2018-11-14 11:15:00', '3,92'),
(982, 'Televíziós vásárlás', 13, 103, '2018-11-14 10:15:00', '2018-11-14 11:15:00', '14,20'),
(983, 'Zálogcsillagok', 7, 58, '2018-11-14 10:20:00', '2018-11-14 10:50:00', '68,34'),
(984, 'Modern Család', 2, 58, '2018-11-14 10:30:00', '2018-11-14 11:00:00', '17,9'),
(985, 'Hogyan csinálják?', 4, 58, '2018-11-14 10:30:00', '2018-11-14 11:00:00', '62,88'),
(986, 'Tényleg így készül?!', 9, 58, '2018-11-14 10:30:00', '2018-11-14 11:00:00', '62,77'),
(987, 'Hogyan neveljünk...', 1, 16, '2018-11-14 10:50:00', '2018-11-14 11:45:00', '23,7'),
(988, 'Amerikai kincskeresők', 7, 58, '2018-11-14 10:50:00', '2018-11-14 11:45:00', '68,54'),
(989, 'Modern Család', 2, 58, '2018-11-14 11:00:00', '2018-11-14 11:30:00', '72,24'),
(990, 'Ausztrál kamionosok', 4, 58, '2018-11-14 11:00:00', '2018-11-14 12:00:00', '20,51'),
(991, 'Autóverseny', 5, 58, '2018-11-14 11:00:00', '2018-11-14 11:30:00', '39,35'),
(992, 'Légikatasztrófák', 9, 100, '2018-11-14 11:00:00', '2018-11-14 12:00:00', '61,55'),
(993, 'KölyökKalauz', 10, 100, '2018-11-14 11:00:00', '2018-11-14 11:35:00', '23,67'),
(994, 'Tények Délben', 14, 100, '2018-11-14 11:00:00', '2018-11-14 11:30:00', '37,31'),
(995, 'A mentalista', 15, 100, '2018-11-14 11:10:00', '2018-11-14 12:05:00', '98,15'),
(996, 'A világegyetem', 11, 100, '2018-11-14 11:15:00', '2018-11-14 12:10:00', '78,15'),
(997, 'Sportgazdaság', 13, 100, '2018-11-14 11:15:00', '2018-11-14 12:15:00', '34,25'),
(998, 'Modern Család', 2, 100, '2018-11-14 11:30:00', '2018-11-14 12:00:00', '73,42'),
(999, 'Snooker', 5, 100, '2018-11-14 11:30:00', '2018-11-14 12:55:00', '39,8'),
(1000, 'Walker, a texasi kopó', 14, 100, '2018-11-14 11:30:00', '2018-11-14 12:35:00', '15,44'),
(1001, 'Éjjel-nappal Budapest', 10, 100, '2018-11-14 11:35:00', '2018-11-14 12:50:00', '4,85'),
(1002, 'Állatgyógyász a Sziklás-hegységből', 1, 100, '2018-11-14 11:45:00', '2018-11-14 12:40:00', '18,8'),
(1003, 'Labdarúgás', 3, 100, '2018-11-14 11:45:00', '2018-11-14 13:35:00', '83,15'),
(1004, 'Texasi raktárháborúk', 7, 58, '2018-11-14 11:45:00', '2018-11-14 12:15:00', '63,93'),
(1005, 'Aeon Flux', 6, 58, '2018-11-14 11:55:00', '2018-11-14 13:45:00', '89,6'),
(1006, 'A Goldberg család', 2, 58, '2018-11-14 12:00:00', '2018-11-14 12:30:00', '63,93'),
(1007, 'Aranyláz Alaszkában', 4, 82, '2018-11-14 12:00:00', '2018-11-14 13:00:00', '19,14'),
(1008, 'Sporthíradó', 8, 82, '2018-11-14 12:00:00', '2018-11-14 12:30:00', '66,23'),
(1009, 'Légikatasztrófák', 9, 100, '2018-11-14 12:00:00', '2018-11-14 13:00:00', '3,53'),
(1010, 'Glades - Tengerparti gyilkosságok', 15, 100, '2018-11-14 12:05:00', '2018-11-14 13:05:00', '46,23'),
(1011, 'Az agy titkai', 11, 16, '2018-11-14 12:10:00', '2018-11-14 13:10:00', '27,83'),
(1012, 'Texasi raktárháborúk', 7, 58, '2018-11-14 12:15:00', '2018-11-14 12:45:00', '29,30'),
(1013, 'Labdarúgás', 13, 58, '2018-11-14 12:15:00', '2018-11-14 12:45:00', '82,41'),
(1014, 'A Goldberg család', 2, 58, '2018-11-14 12:30:00', '2018-11-14 13:00:00', '66,45'),
(1015, 'Tollaslabda', 8, 58, '2018-11-14 12:30:00', '2018-11-14 13:30:00', '52,66'),
(1016, 'Walker, a texasi kopó', 14, 58, '2018-11-14 12:35:00', '2018-11-14 13:40:00', '12,9'),
(1017, 'A krokodilvadász - a legjobb pillanatok', 1, 58, '2018-11-14 12:40:00', '2018-11-14 13:35:00', '79,50'),
(1018, 'Texasi raktárháborúk', 7, 58, '2018-11-14 12:45:00', '2018-11-14 13:15:00', '28,34'),
(1019, 'A Bundesliga csapatai', 13, 58, '2018-11-14 12:45:00', '2018-11-14 13:00:00', '63,95'),
(1020, 'Konyhafőnök VIP - A séfek csatája', 10, 58, '2018-11-14 12:50:00', '2018-11-14 14:50:00', '57,24'),
(1021, 'Snooker', 5, 58, '2018-11-14 12:55:00', '2018-11-14 17:00:00', '62,46'),
(1022, 'Agymenők', 2, 58, '2018-11-14 13:00:00', '2018-11-14 13:30:00', '13,70'),
(1023, 'Az igazi prémvadászok', 4, 100, '2018-11-14 13:00:00', '2018-11-14 14:00:00', '22,89'),
(1024, 'Garázs varázs', 9, 58, '2018-11-14 13:00:00', '2018-11-14 14:00:00', '77,29'),
(1025, 'American Football - NFL', 12, 58, '2018-11-14 13:00:00', '2018-11-14 16:15:00', '92,78'),
(1026, 'Labdarúgás', 13, 58, '2018-11-14 13:00:00', '2018-11-14 15:00:00', '41,66'),
(1027, 'Castle', 15, 58, '2018-11-14 13:05:00', '2018-11-14 14:00:00', '44,10'),
(1028, 'Esélytelenül a harcmezőn', 11, 95, '2018-11-14 13:10:00', '2018-11-14 14:05:00', '81,1'),
(1029, 'Texasi raktárháborúk', 7, 58, '2018-11-14 13:15:00', '2018-11-14 13:40:00', '24,65'),
(1030, 'Agymenők', 2, 58, '2018-11-14 13:30:00', '2018-11-14 14:00:00', '55,20'),
(1031, 'Fradi Tv', 8, 58, '2018-11-14 13:30:00', '2018-11-14 14:00:00', '32,58'),
(1032, 'Állati betolakodók', 1, 58, '2018-11-14 13:35:00', '2018-11-14 14:30:00', '64,49'),
(1033, 'A nap hőse', 3, 58, '2018-11-14 13:35:00', '2018-11-14 13:45:00', '3,63'),
(1034, 'Texasi raktárháborúk', 7, 58, '2018-11-14 13:40:00', '2018-11-14 14:10:00', '96,57'),
(1035, 'Julieta', 14, 58, '2018-11-14 13:40:00', '2018-11-14 14:45:00', '72,58'),
(1036, 'Sport 24', 3, 58, '2018-11-14 13:45:00', '2018-11-14 14:00:00', '18,48'),
(1037, 'Az ügyfél', 6, 58, '2018-11-14 13:45:00', '2018-11-14 16:05:00', '75,50'),
(1038, 'Agymenők', 2, 58, '2018-11-14 14:00:00', '2018-11-14 14:31:00', '21,6'),
(1039, 'Tenisz', 3, 58, '2018-11-14 14:00:00', '2018-11-14 16:00:00', '21,85'),
(1040, 'Alaszka, a legvégső határ', 4, 16, '2018-11-14 14:00:00', '2018-11-14 15:00:00', '34,45'),
(1041, 'Labdarúgó közvetítés', 8, 16, '2018-11-14 14:00:00', '2018-11-14 16:00:00', '78,32'),
(1042, 'Garázs varázs', 9, 58, '2018-11-14 14:00:00', '2018-11-14 15:00:00', '31,50'),
(1043, 'Lucifer', 15, 58, '2018-11-14 14:00:00', '2018-11-14 15:00:00', '34,91'),
(1044, 'Az első modern háború - A háború, mely örökre átírta a hadviselés történetét', 11, 58, '2018-11-14 14:05:00', '2018-11-14 15:00:00', '93,89'),
(1045, 'Ősi idegenek', 7, 16, '2018-11-14 14:10:00', '2018-11-14 15:10:00', '72,9'),
(1046, 'Kalandok a Kruger Nemzeti Parkban', 1, 16, '2018-11-14 14:30:00', '2018-11-14 15:25:00', '25,7'),
(1047, 'Agymenők', 2, 16, '2018-11-14 14:31:00', '2018-11-14 15:00:00', '20,6'),
(1048, 'Titkok szállodája', 14, 16, '2018-11-14 14:45:00', '2018-11-14 15:50:00', '95,32'),
(1049, 'Story Extra', 10, 16, '2018-11-14 14:50:00', '2018-11-14 15:20:00', '7,47'),
(1050, 'A Goldberg család', 2, 16, '2018-11-14 15:00:00', '2018-11-14 15:30:00', '58,62'),
(1051, 'Az alaszkai vadon gyermekei', 4, 58, '2018-11-14 15:00:00', '2018-11-14 16:00:00', '96,1'),
(1052, 'Pedig jó ötletnek tűnt', 9, 58, '2018-11-14 15:00:00', '2018-11-14 15:30:00', '85,96'),
(1053, 'Mérnöki csúcsteljesítmények', 11, 100, '2018-11-14 15:00:00', '2018-11-14 16:00:00', '36,9'),
(1054, 'Labdarúgás', 13, 100, '2018-11-14 15:00:00', '2018-11-14 16:00:00', '7,47'),
(1055, 'Szellemekkel suttogó', 15, 100, '2018-11-14 15:00:00', '2018-11-14 16:00:00', '34,62'),
(1056, 'Amerikai kincskeresők', 7, 58, '2018-11-14 15:10:00', '2018-11-14 16:05:00', '59,25'),
(1057, 'Elif - A szeretet útján', 10, 58, '2018-11-14 15:20:00', '2018-11-14 16:25:00', '95,32'),
(1058, 'Állatrendőrség Houstonban', 1, 100, '2018-11-14 15:25:00', '2018-11-14 16:20:00', '28,16'),
(1059, 'A Goldberg család', 2, 100, '2018-11-14 15:30:00', '2018-11-14 16:00:00', '83,97'),
(1060, 'Pedig jó ötletnek tűnt', 9, 100, '2018-11-14 15:30:00', '2018-11-14 16:00:00', '67,93'),
(1061, 'Feriha', 14, 100, '2018-11-14 15:50:00', '2018-11-14 17:00:00', '47,80'),
(1062, 'Modern Család', 2, 100, '2018-11-14 16:00:00', '2018-11-14 16:30:00', '38,6'),
(1063, 'Tenisz', 3, 100, '2018-11-14 16:00:00', '2018-11-14 16:30:00', '56,26'),
(1064, 'Autókereskedők', 4, 100, '2018-11-14 16:00:00', '2018-11-14 17:00:00', '59,48'),
(1065, 'Sporthíradó', 8, 100, '2018-11-14 16:00:00', '2018-11-14 16:15:00', '30,74'),
(1066, 'Pedig jó ötletnek tűnt', 9, 100, '2018-11-14 16:00:00', '2018-11-14 16:30:00', '15,58'),
(1067, 'Grandiózus hajók', 11, 16, '2018-11-14 16:00:00', '2018-11-14 17:00:00', '61,74'),
(1068, 'Labdarúgás', 13, 16, '2018-11-14 16:00:00', '2018-11-14 17:00:00', '28,18'),
(1069, 'A mentalista', 15, 16, '2018-11-14 16:00:00', '2018-11-14 17:00:00', '18,22'),
(1070, 'Viharlovagok', 6, 16, '2018-11-14 16:05:00', '2018-11-14 18:15:00', '71,51'),
(1071, 'Hegyi emberek', 7, 58, '2018-11-14 16:05:00', '2018-11-14 17:05:00', '84,58'),
(1072, 'Kerékpártúra magazin', 8, 58, '2018-11-14 16:15:00', '2018-11-14 16:45:00', '80,34'),
(1073, 'KHL-összefoglaló', 12, 58, '2018-11-14 16:15:00', '2018-11-14 16:30:00', '74,85'),
(1074, 'Hogyan neveljünk...', 1, 16, '2018-11-14 16:20:00', '2018-11-14 17:15:00', '98,50'),
(1075, 'Fókusz', 10, 16, '2018-11-14 16:25:00', '2018-11-14 17:00:00', '58,65'),
(1076, 'Modern Család', 2, 16, '2018-11-14 16:30:00', '2018-11-14 17:00:00', '36,54'),
(1077, 'Sport 24', 3, 16, '2018-11-14 16:30:00', '2018-11-14 16:45:00', '44,1'),
(1078, 'Pedig jó ötletnek tűnt', 9, 16, '2018-11-14 16:30:00', '2018-11-14 17:00:00', '44,88'),
(1079, 'Lóverseny. Lóverseny-magazin', 12, 16, '2018-11-14 16:30:00', '2018-11-14 17:00:00', '40,50'),
(1080, 'Jégkorong', 3, 16, '2018-11-14 16:45:00', '2018-11-14 19:45:00', '10,98'),
(1081, 'M4 Sport stúdió', 8, 16, '2018-11-14 16:45:00', '2018-11-14 17:00:00', '38,50'),
(1082, 'Modern Család', 2, 16, '2018-11-14 17:00:00', '2018-11-14 17:30:00', '7,47'),
(1083, 'Autókereskedők', 4, 100, '2018-11-14 17:00:00', '2018-11-14 17:30:00', '71,37'),
(1084, 'Olimpiai Játékok', 5, 100, '2018-11-14 17:00:00', '2018-11-14 17:55:00', '98,74'),
(1085, 'Kézilabda közvetítés', 8, 100, '2018-11-14 17:00:00', '2018-11-14 18:30:00', '59,72'),
(1086, 'Légikatasztrófák', 9, 100, '2018-11-14 17:00:00', '2018-11-14 18:00:00', '50,57'),
(1087, 'RTL Híradó Esti kiadás', 10, 100, '2018-11-14 17:00:00', '2018-11-14 18:00:00', '40,4'),
(1088, 'Délkelet-ázsiai barangolások', 11, 100, '2018-11-14 17:00:00', '2018-11-14 18:00:00', '65,14'),
(1089, 'Arany pillanatok', 12, 100, '2018-11-14 17:00:00', '2018-11-14 17:15:00', '98,88'),
(1090, 'Sportverda', 13, 100, '2018-11-14 17:00:00', '2018-11-14 18:00:00', '82,61'),
(1091, 'Tények', 14, 100, '2018-11-14 17:00:00', '2018-11-14 18:00:00', '45,27'),
(1092, 'Castle', 15, 100, '2018-11-14 17:00:00', '2018-11-14 18:00:00', '78,65'),
(1093, 'Texasi raktárháborúk', 7, 58, '2018-11-14 17:05:00', '2018-11-14 17:35:00', '49,40'),
(1094, 'Akvárium extrákkal', 1, 58, '2018-11-14 17:15:00', '2018-11-14 18:10:00', '20,70'),
(1095, 'Mai helyzet', 12, 58, '2018-11-14 17:15:00', '2018-11-14 17:30:00', '53,27'),
(1096, 'Modern Család', 2, 58, '2018-11-14 17:30:00', '2018-11-14 18:00:00', '25,70'),
(1097, 'Autókereskedők', 4, 100, '2018-11-14 17:30:00', '2018-11-14 18:00:00', '57,83'),
(1098, 'Kezeket fel! a Sport TV kézimagazinja', 12, 100, '2018-11-14 17:30:00', '2018-11-14 17:45:00', '54,34'),
(1099, 'Texasi raktárháborúk', 7, 58, '2018-11-14 17:35:00', '2018-11-14 18:00:00', '7,47'),
(1100, 'Kézilabda', 12, 58, '2018-11-14 17:45:00', '2018-11-14 19:30:00', '41,46'),
(1101, 'Eurosport Hírek', 5, 58, '2018-11-14 17:55:00', '2018-11-14 18:00:00', '60,82'),
(1102, 'Agymenők', 2, 58, '2018-11-14 18:00:00', '2018-11-14 18:30:00', '53,41'),
(1103, 'Hogyan készül?', 4, 58, '2018-11-14 18:00:00', '2018-11-14 18:30:00', '80,47'),
(1104, 'Snooker', 5, 58, '2018-11-14 18:00:00', '2018-11-14 18:55:00', '98,61'),
(1105, 'Tűzben edzett', 7, 58, '2018-11-14 18:00:00', '2018-11-14 19:00:00', '34,67'),
(1106, 'Tényleg így készül?!', 9, 58, '2018-11-14 18:00:00', '2018-11-14 18:30:00', '63,14'),
(1107, 'Konyhafőnök VIP - A séfek csatája', 10, 58, '2018-11-14 18:00:00', '2018-11-14 20:00:00', '96,24'),
(1108, 'Az agy titkai', 11, 16, '2018-11-14 18:00:00', '2018-11-14 19:00:00', '35,86'),
(1109, 'Labdarúgás', 13, 16, '2018-11-14 18:00:00', '2018-11-14 20:00:00', '13,80'),
(1110, 'Mit tenne a gyereked?', 14, 56, '2018-11-14 18:00:00', '2018-11-14 19:40:00', '55,25'),
(1111, 'Lucifer', 15, 56, '2018-11-14 18:00:00', '2018-11-14 19:00:00', '55,8'),
(1112, 'Ausztrál állatkert - Steve Irwin öröksége', 1, 56, '2018-11-14 18:10:00', '2018-11-14 19:05:00', '13,88'),
(1113, 'A biztonság záloga', 6, 56, '2018-11-14 18:15:00', '2018-11-14 20:00:00', '2,40'),
(1114, 'Agymenők', 2, 56, '2018-11-14 18:30:00', '2018-11-14 19:00:00', '48,52'),
(1115, 'Hogyan csinálják?', 4, 56, '2018-11-14 18:30:00', '2018-11-14 19:00:00', '90,63'),
(1116, 'M4 Sport stúdió', 8, 56, '2018-11-14 18:30:00', '2018-11-14 18:55:00', '40,49'),
(1117, 'Tényleg így készül?!', 9, 56, '2018-11-14 18:30:00', '2018-11-14 19:00:00', '46,74'),
(1118, 'Snooker', 5, 56, '2018-11-14 18:55:00', '2018-11-14 23:00:00', '25,19'),
(1119, 'UEFA Labdarúgó Nemzetek Ligája előzetes', 8, 56, '2018-11-14 18:55:00', '2018-11-14 19:30:00', '23,68'),
(1120, 'Agymenők', 2, 56, '2018-11-14 19:00:00', '2018-11-14 19:30:00', '57,10'),
(1121, 'Az űrhajós kincse', 4, 56, '2018-11-14 19:00:00', '2018-11-14 20:00:00', '79,66'),
(1122, 'Zálogcsillagok', 7, 58, '2018-11-14 19:00:00', '2018-11-14 19:30:00', '83,51'),
(1123, 'A Harmadik Birodalom építményei', 9, 16, '2018-11-14 19:00:00', '2018-11-14 20:00:00', '90,56'),
(1124, 'A világegyetem', 11, 16, '2018-11-14 19:00:00', '2018-11-14 19:55:00', '4,60'),
(1125, '200 Első randi', 15, 16, '2018-11-14 19:00:00', '2018-11-14 20:00:00', '15,39'),
(1126, 'Európa vadonjai', 1, 16, '2018-11-14 19:05:00', '2018-11-14 20:00:00', '71,1'),
(1127, 'Agymenők', 2, 16, '2018-11-14 19:30:00', '2018-11-14 20:00:00', '19,64'),
(1128, 'Raktár-háborúk', 7, 58, '2018-11-14 19:30:00', '2018-11-14 20:00:00', '94,66'),
(1129, 'Magyarország - Észtország mérkőzés előtt', 8, 58, '2018-11-14 19:30:00', '2018-11-14 20:30:00', '33,32'),
(1130, 'Kezeket fel! a Sport TV kézimagazinja', 12, 58, '2018-11-14 19:30:00', '2018-11-14 19:45:00', '90,80'),
(1131, 'Sztárok és párok', 14, 56, '2018-11-14 19:40:00', '2018-11-14 21:25:00', '78,76'),
(1132, 'Sport 24', 3, 56, '2018-11-14 19:45:00', '2018-11-14 20:00:00', '53,78'),
(1133, 'Kézilabda', 12, 56, '2018-11-14 19:45:00', '2018-11-14 21:30:00', '45,21'),
(1134, 'Brutális Digitális', 11, 56, '2018-11-14 19:55:00', '2018-11-14 20:05:00', '90,42'),
(1135, 'Állati betolakodók', 1, 56, '2018-11-14 20:00:00', '2018-11-14 20:55:00', '7,47'),
(1136, 'Agymenők', 2, 56, '2018-11-14 20:00:00', '2018-11-14 20:30:00', '57,23'),
(1137, 'Tenisz', 3, 56, '2018-11-14 20:00:00', '2018-11-14 22:00:00', '41,36'),
(1138, 'Aranyláz Alaszkában', 4, 82, '2018-11-14 20:00:00', '2018-11-14 21:00:00', '22,1');
INSERT INTO `shows` (`id`, `show_name`, `channel_id`, `show_category_id`, `start_date`, `end_date`, `actor_ids`) VALUES
(1139, 'II. Világháborús kincskeresők', 7, 82, '2018-11-14 20:00:00', '2018-11-14 21:00:00', '7,47'),
(1140, 'Mars - Utunk a vörös bolygóra', 9, 59, '2018-11-14 20:00:00', '2018-11-14 21:00:00', '30,61'),
(1141, 'Barátok közt', 10, 59, '2018-11-14 20:00:00', '2018-11-14 20:35:00', '59,22'),
(1142, 'Erős emberek', 13, 59, '2018-11-14 20:00:00', '2018-11-14 21:00:00', '20,47'),
(1143, '200 Első randi', 15, 59, '2018-11-14 20:00:00', '2018-11-14 21:00:00', '44,87'),
(1144, 'Esélytelenül a harcmezőn', 11, 95, '2018-11-14 20:05:00', '2018-11-14 21:00:00', '55,18'),
(1145, 'Ifjú Sheldon', 2, 95, '2018-11-14 20:30:00', '2018-11-14 21:00:00', '15,53'),
(1146, 'Gillette World Sport 2018', 8, 7, '2018-11-14 20:30:00', '2018-11-14 21:00:00', '6,45'),
(1147, 'Éjjel-nappal Budapest', 10, 7, '2018-11-14 20:35:00', '2018-11-14 21:50:00', '17,56'),
(1148, 'A második esély', 1, 103, '2018-11-14 20:55:00', '2018-11-14 21:50:00', '75,97'),
(1149, 'Family Guy', 2, 103, '2018-11-14 21:00:00', '2018-11-14 21:30:00', '60,12'),
(1150, 'Ausztrál kamionosok', 4, 103, '2018-11-14 21:00:00', '2018-11-14 22:00:00', '70,74'),
(1151, 'Hegyi emberek', 7, 58, '2018-11-14 21:00:00', '2018-11-14 22:00:00', '67,32'),
(1152, 'UEFA Labdarúgó Nemzetek Ligája előzetes', 8, 58, '2018-11-14 21:00:00', '2018-11-14 21:30:00', '38,29'),
(1153, 'Mars - Utunk a vörös bolygóra', 9, 59, '2018-11-14 21:00:00', '2018-11-14 22:00:00', '65,10'),
(1154, 'A sztálingrádi csata', 11, 59, '2018-11-14 21:00:00', '2018-11-14 21:55:00', '66,18'),
(1155, 'UFC', 13, 59, '2018-11-14 21:00:00', '2018-11-15 00:00:00', '57,16'),
(1156, 'Az elnök különgépe', 15, 59, '2018-11-14 21:00:00', '2018-11-14 23:35:00', '73,92'),
(1157, 'Rocky III.', 14, 59, '2018-11-14 21:25:00', '2018-11-14 23:55:00', '84,97'),
(1158, 'Family Guy', 2, 59, '2018-11-14 21:30:00', '2018-11-14 22:00:00', '7,47'),
(1159, 'Sporthíradó', 8, 59, '2018-11-14 21:30:00', '2018-11-14 22:00:00', '19,26'),
(1160, 'Kézilabda. Rewind - The Handball Show', 12, 59, '2018-11-14 21:30:00', '2018-11-14 22:00:00', '94,55'),
(1161, 'Akvárium extrákkal', 1, 58, '2018-11-14 21:50:00', '2018-11-14 22:45:00', '50,89'),
(1162, 'Szulejmán', 10, 58, '2018-11-14 21:50:00', '2018-11-14 22:55:00', '54,86'),
(1163, 'Élelmiszercsempészek világa', 11, 58, '2018-11-14 21:55:00', '2018-11-14 22:50:00', '76,44'),
(1164, 'Family Guy', 2, 58, '2018-11-14 22:00:00', '2018-11-14 22:30:00', '21,72'),
(1165, 'Labdarúgás', 3, 58, '2018-11-14 22:00:00', '2018-11-14 23:50:00', '57,42'),
(1166, 'Mérnöki műtárgyak', 4, 58, '2018-11-14 22:00:00', '2018-11-14 23:00:00', '94,36'),
(1167, 'Zálogcsillagok', 7, 58, '2018-11-14 22:00:00', '2018-11-14 22:30:00', '95,71'),
(1168, 'Labdarúgó közvetítés', 8, 58, '2018-11-14 22:00:00', '2018-11-15 00:00:00', '84,31'),
(1169, 'Mars - Utunk a vörös bolygóra', 9, 59, '2018-11-14 22:00:00', '2018-11-14 23:00:00', '54,33'),
(1170, 'American Football - NFL', 12, 59, '2018-11-14 22:00:00', '2018-11-15 01:30:00', '48,61'),
(1171, '300 - A birodalom hajnala', 6, 59, '2018-11-14 22:25:00', '2018-11-15 00:25:00', '2,57'),
(1172, 'South Park', 2, 59, '2018-11-14 22:30:00', '2018-11-14 23:00:00', '38,30'),
(1173, 'Zálogcsillagok', 7, 58, '2018-11-14 22:30:00', '2018-11-14 22:55:00', '4,57'),
(1174, 'Ausztrál állatkert - Steve Irwin öröksége', 1, 58, '2018-11-14 22:45:00', '2018-11-14 23:40:00', '27,83'),
(1175, 'Bolygónk a Föld 2', 11, 100, '2018-11-14 22:50:00', '2018-11-14 23:55:00', '89,46'),
(1176, 'Texasi raktárháborúk', 7, 58, '2018-11-14 22:55:00', '2018-11-14 23:25:00', '43,75'),
(1177, 'RTL Híradó - Késő esti kiadás', 10, 58, '2018-11-14 22:55:00', '2018-11-14 23:30:00', '72,3'),
(1178, 'South Park', 2, 58, '2018-11-14 23:00:00', '2018-11-14 23:30:00', '37,36'),
(1179, 'A Föld rejtélyes oldala', 4, 58, '2018-11-14 23:00:00', '2018-11-15 00:00:00', '74,30'),
(1180, 'Eurosport Hírek', 5, 58, '2018-11-14 23:00:00', '2018-11-14 23:10:00', '76,64'),
(1181, 'A II. világháború fejvadászai', 9, 58, '2018-11-14 23:00:00', '2018-11-15 00:00:00', '13,95'),
(1182, 'Cselgáncs', 5, 58, '2018-11-14 23:10:00', '2018-11-14 23:15:00', '11,4'),
(1183, 'Sportok', 5, 58, '2018-11-14 23:15:00', '2018-11-15 00:00:00', '84,22'),
(1184, 'Texasi raktárháborúk', 7, 58, '2018-11-14 23:25:00', '2018-11-14 23:50:00', '94,17'),
(1185, 'Az utolsó ember a földön', 2, 58, '2018-11-14 23:30:00', '2018-11-15 00:00:00', '40,58'),
(1186, 'Magyarul Balóval', 10, 58, '2018-11-14 23:30:00', '2018-11-15 00:10:00', '70,54'),
(1187, 'Harrow', 15, 58, '2018-11-14 23:35:00', '2018-11-15 00:50:00', '27,92'),
(1188, 'Állati betolakodók', 1, 58, '2018-11-14 23:40:00', '2018-11-15 00:35:00', '85,73'),
(1189, 'Labdarúgás', 3, 58, '2018-11-14 23:50:00', '2018-11-15 00:45:00', '21,98'),
(1190, 'Zálogcsillagok', 7, 58, '2018-11-14 23:50:00', '2018-11-15 00:20:00', '74,87'),
(1191, 'Beépített főnök - Amerika', 11, 58, '2018-11-14 23:55:00', '2018-11-15 01:00:00', '21,73'),
(1192, 'Tények Extra', 14, 58, '2018-11-14 23:55:00', '2018-11-15 00:25:00', '24,28'),
(1193, 'Az utolsó ember a földön', 2, 58, '2018-11-15 00:00:00', '2018-11-15 00:30:00', '6,1'),
(1194, 'Ne próbáld ki otthon!', 4, 58, '2018-11-15 00:00:00', '2018-11-15 01:00:00', '89,5'),
(1195, 'Labdarúgás', 5, 58, '2018-11-15 00:00:00', '2018-11-15 02:00:00', '10,68'),
(1196, 'Kézilabda közvetítés', 8, 58, '2018-11-15 00:00:00', '2018-11-15 01:40:00', '58,64'),
(1197, 'A holokauszt megtorlói', 9, 8, '2018-11-15 00:00:00', '2018-11-15 01:00:00', '59,83'),
(1198, 'Mai helyzet', 13, 8, '2018-11-15 00:00:00', '2018-11-15 00:15:00', '66,34'),
(1199, 'Édes otthon', 10, 8, '2018-11-15 00:10:00', '2018-11-15 00:40:00', '45,16'),
(1200, 'Kézilabda', 13, 8, '2018-11-15 00:15:00', '2018-11-15 02:00:00', '19,7'),
(1201, 'Raktár-háborúk', 7, 58, '2018-11-15 00:20:00', '2018-11-15 00:45:00', '34,42'),
(1202, 'Egyszemélyes kommandó', 6, 58, '2018-11-15 00:25:00', '2018-11-15 02:15:00', '74,85'),
(1203, 'Zoo - Állati ösztön', 14, 58, '2018-11-15 00:25:00', '2018-11-15 01:30:00', '91,72'),
(1204, 'Már megint Malcolm', 2, 58, '2018-11-15 00:30:00', '2018-11-15 01:00:00', '33,81'),
(1205, 'Hogyan neveljünk...', 1, 16, '2018-11-15 00:35:00', '2018-11-15 01:25:00', '40,97'),
(1206, 'Az igazi NŐ', 10, 16, '2018-11-15 00:40:00', '2018-11-15 01:15:00', '19,74'),
(1207, 'Sport 24', 3, 16, '2018-11-15 00:45:00', '2018-11-15 01:00:00', '24,70'),
(1208, 'Amerikai kincskeresők', 7, 58, '2018-11-15 00:45:00', '2018-11-15 01:35:00', '26,42'),
(1209, 'A mentalista', 15, 58, '2018-11-15 00:50:00', '2018-11-15 01:35:00', '25,98'),
(1210, 'South Park', 2, 58, '2018-11-15 01:00:00', '2018-11-15 01:20:00', '59,47'),
(1211, 'Reggeli Start', 3, 58, '2018-11-15 01:00:00', '2018-11-15 05:55:00', '17,45'),
(1212, 'Az űrhajós kincse', 4, 58, '2018-11-15 01:00:00', '2018-11-15 02:00:00', '1,97'),
(1213, 'Varian Fry - Egy embermentő Franciaországban', 9, 58, '2018-11-15 01:00:00', '2018-11-15 01:48:00', '29,19'),
(1214, 'Grandiózus hajók', 11, 16, '2018-11-15 01:00:00', '2018-11-15 01:50:00', '6,65'),
(1215, 'Homeland: A belső ellenség', 10, 16, '2018-11-15 01:15:00', '2018-11-15 02:20:00', '49,24'),
(1216, 'South Park', 2, 16, '2018-11-15 01:20:00', '2018-11-15 01:45:00', '22,49'),
(1217, 'Akvárium extrákkal', 1, 58, '2018-11-15 01:25:00', '2018-11-15 02:15:00', '12,40'),
(1218, 'Labdarúgás', 12, 58, '2018-11-15 01:30:00', '2018-11-15 02:30:00', '83,70'),
(1219, 'Bűnös Chicago', 14, 58, '2018-11-15 01:30:00', '2018-11-15 02:20:00', '44,17'),
(1220, 'Hegyi emberek', 7, 58, '2018-11-15 01:35:00', '2018-11-15 02:20:00', '12,78'),
(1221, 'Glades - Tengerparti gyilkosságok', 15, 58, '2018-11-15 01:35:00', '2018-11-15 02:15:00', '40,48'),
(1222, 'Múlt és Jelen', 8, 7, '2018-11-15 01:40:00', '2018-11-15 02:05:00', '98,15'),
(1223, 'Modern Család', 2, 7, '2018-11-15 01:45:00', '2018-11-15 02:05:00', '67,45'),
(1224, 'Országút a pokolba', 9, 16, '2018-11-15 01:48:00', '2018-11-15 02:36:00', '21,49'),
(1225, 'A világ pusztuló csodái', 11, 16, '2018-11-15 01:50:00', '2018-11-15 02:35:00', '53,57'),
(1226, 'Aranyláz Alaszkában', 4, 82, '2018-11-15 02:00:00', '2018-11-15 02:50:00', '69,7'),
(1227, 'Snooker', 5, 82, '2018-11-15 02:00:00', '2018-11-15 04:00:00', '95,69'),
(1228, 'Kézilabda', 13, 82, '2018-11-15 02:00:00', '2018-11-15 04:00:00', '36,94'),
(1229, 'Modern Család', 2, 82, '2018-11-15 02:05:00', '2018-11-15 02:30:00', '94,66'),
(1230, 'Labdarúgó közvetítés', 8, 82, '2018-11-15 02:05:00', '2018-11-15 04:05:00', '57,23'),
(1231, 'Ausztrál állatkert - Steve Irwin öröksége', 1, 82, '2018-11-15 02:15:00', '2018-11-15 03:02:00', '88,49'),
(1232, 'Ígéret földje', 6, 82, '2018-11-15 02:15:00', '2018-11-15 05:00:00', '35,44'),
(1233, 'Szellemekkel suttogó', 15, 82, '2018-11-15 02:15:00', '2018-11-15 03:00:00', '36,39'),
(1234, 'Texasi raktárháborúk', 7, 58, '2018-11-15 02:20:00', '2018-11-15 02:45:00', '79,58'),
(1235, 'Pasik', 10, 58, '2018-11-15 02:20:00', '2018-11-15 03:00:00', '7,50'),
(1236, 'Tények Este', 14, 58, '2018-11-15 02:20:00', '2018-11-15 03:00:00', '63,36'),
(1237, 'Modern Család', 2, 58, '2018-11-15 02:30:00', '2018-11-15 02:55:00', '67,15'),
(1238, 'Labdarúgás', 12, 58, '2018-11-15 02:30:00', '2018-11-15 03:30:00', '83,46'),
(1239, 'Élelmiszercsempészek világa', 11, 58, '2018-11-15 02:35:00', '2018-11-15 03:20:00', '22,19'),
(1240, 'Tabu', 9, 100, '2018-11-15 02:36:00', '2018-11-15 03:24:00', '57,54'),
(1241, 'Texasi raktárháborúk', 7, 58, '2018-11-15 02:45:00', '2018-11-15 03:05:00', '7,47'),
(1242, 'Autókereskedők', 4, 100, '2018-11-15 02:50:00', '2018-11-15 03:40:00', '44,92'),
(1243, 'Modern Család', 2, 100, '2018-11-15 02:55:00', '2018-11-15 03:20:00', '17,94'),
(1279, 'sikeres műsor modositott', 1, 3, '2018-11-30 12:03:00', '2018-11-30 12:12:00', '39,53'),
(1280, 'sikeres műsor', 15, 6, '2018-12-25 21:00:00', '2018-12-25 22:00:00', ''),
(1282, 'KECSKE MEKCSE MŰSOR', 1, 7, '2018-11-25 12:00:00', '2018-11-25 13:00:00', ''),
(1283, 'KECSKE MEKCSE MŰSOR', 1, 1, '2015-10-04 10:00:00', '2015-10-04 11:00:00', ''),
(1284, 'KECSKE MEKCSE MŰSOR', 1, 1, '2015-10-04 10:00:00', '2015-10-04 11:00:00', ''),
(1285, 'asd', 1, 1, '2018-11-25 12:00:00', '2018-11-25 13:00:00', ''),
(1286, 'asd', 1, 1, '2018-11-25 12:00:00', '2018-11-25 13:00:00', ''),
(1287, 'asd2', 2, 8, '2018-11-25 12:00:00', '2018-11-25 13:00:00', '1,3');

-- --------------------------------------------------------

--
-- Tábla szerkezet ehhez a táblához `show_categories`
--

CREATE TABLE `show_categories` (
  `id` int(11) NOT NULL,
  `show_category_name` varchar(100) COLLATE utf8_hungarian_ci NOT NULL
) ENGINE=InnoDB DEFAULT CHARSET=utf8 COLLATE=utf8_hungarian_ci;

--
-- A tábla adatainak kiíratása `show_categories`
--

INSERT INTO `show_categories` (`id`, `show_category_name`) VALUES
(1, 'dokumentumfilm sorozat'),
(2, 'amerikai rajzfilm sorozat'),
(3, 'rajzfilm sorozat'),
(4, 'magyar ismeretterjesztő filmsorozat'),
(5, 'angol hírműsor'),
(6, 'amerikai animációs sorozat'),
(7, 'sportműsor'),
(8, 'hírműsor'),
(9, 'magyar magazinműsor'),
(10, 'magazinműsor'),
(11, 'amerikai akcióthriller'),
(12, 'amerikai reality-sorozat'),
(13, 'indiai-német-francia animációs sorozat'),
(14, 'amerikai drámasorozat'),
(15, 'angol reality-sorozat'),
(16, 'dokumentumfilm'),
(17, 'amerikai-kanadai krimisorozat'),
(18, 'amerikai filmsorozat'),
(19, 'amerikai szórakoztató műsor'),
(20, 'amerikai akciófilm'),
(21, 'ausztrál hírműsor'),
(22, 'amerikai tévéfilmsorozat'),
(23, 'angol ismeretterjesztő filmsorozat'),
(24, 'magyar drámasorozat'),
(25, 'amerikai akciófilm-sorozat'),
(26, 'amerikai krimisorozat'),
(27, 'amerikai ismeretterjesztő filmsorozat'),
(28, 'amerikai dokumentumfilm'),
(29, 'angol dokumentumfilm'),
(30, 'német dokureality-sorozat'),
(31, 'francia-belga animációs film'),
(32, 'magyar sportműsor'),
(33, 'ismeretterjesztő műsor'),
(34, 'ismeretterjesztő filmsorozat'),
(35, 'bábfilm'),
(36, 'reklámfilm'),
(37, 'kanadai-amerikai ismeretterjesztő filmsorozat'),
(38, 'amerikai vígjáték'),
(39, 'német filmsorozat'),
(40, 'amerikai vígjátéksorozat'),
(41, 'francia rajzfilm sorozat'),
(42, 'gasztro-reality'),
(43, 'amerikai dokumentumfilm sorozat'),
(44, 'angol dokureality-sorozat'),
(45, 'kanadai animációs sorozat'),
(46, 'francia animációs sorozat'),
(47, 'ausztrál reality-sorozat'),
(48, 'amerikai filmdráma'),
(49, 'kanadai ismeretterjesztő filmsorozat'),
(50, 'német animációs film'),
(51, 'gyerekműsor'),
(52, 'angol természetfilm sorozat'),
(53, 'amerikai-cseh fantasztikus kalandfilm'),
(54, 'izraeli rajzfilm sorozat'),
(55, 'amerikai természetfilm sorozat'),
(56, 'szórakoztató műsor'),
(57, 'amerikai sci-fi sorozat'),
(58, 'reality-sorozat'),
(59, 'minisorozat'),
(60, 'francia-spanyol-olasz-magyar kalandfilm'),
(61, 'angol-amerikai ismeretterjesztő műsor'),
(62, 'angol dokumentumfilm sorozat'),
(63, 'magyar filmsorozat'),
(64, 'kanadai animációs film'),
(65, 'angol-amerikai dokureality-sorozat'),
(66, 'amerikai akcióvígjáték-sorozat'),
(67, 'amerikai akció-vígjáték'),
(68, 'magyar reality műsor'),
(69, 'mexikói tévéfilmsorozat'),
(70, 'mexikói filmsorozat'),
(71, 'angol-amerikai családi kalandfilm'),
(72, 'török tévéfilmsorozat'),
(73, 'török drámasorozat'),
(74, 'török filmsorozat'),
(75, 'amerikai horror'),
(76, 'magyar vallási műsor'),
(77, 'magyar művészeti műsor'),
(78, 'magyar szórakoztató műsor'),
(79, 'amerikai reality műsor'),
(80, 'magyar kvíz-show'),
(81, 'kanadai-amerikai animációs sorozat'),
(82, 'amerikai ismeretterjesztő műsor'),
(83, 'amerikai sportműsor'),
(84, 'francia-amerikai akciófilm-sorozat'),
(85, 'amerikai fantasztikus film'),
(86, 'amerikai kalandfilm'),
(87, 'angol rajzfilm sorozat'),
(88, 'amerikai szórakoztató sorozat'),
(89, 'ausztrál főzőshow'),
(90, 'amerikai thrillersorozat'),
(91, 'amerikai-kanadai drámasorozat'),
(92, 'kanadai dokumentumfilm sorozat'),
(93, 'magyar filmdráma'),
(94, 'angol-amerikai ismeretterjesztő filmsorozat'),
(95, 'amerikai dokureality-sorozat'),
(96, 'angol gyerekműsor'),
(97, 'ausztrál ismeretterjesztő filmsorozat'),
(98, 'vallási műsor'),
(99, 'amerikai-angol-kanadai családi film'),
(100, 'ismeretterjesztő film'),
(101, 'német-osztrák akciófilm-sorozat'),
(102, 'angol-német-finn akciófilm'),
(103, 'természetfilm sorozat'),
(104, 'amerikai-hongkongi akció-vígjáték'),
(105, 'angol-német-ír animációs sorozat'),
(106, 'portréfilm'),
(107, 'angol ismeretterjesztő műsor'),
(108, 'ausztrál filmsorozat'),
(109, 'riportműsor'),
(110, 'francia dokumentumfilm'),
(111, 'német akciófilm'),
(112, 'főzőshow'),
(113, 'amerikai film'),
(114, 'magyar rajzfilm sorozat'),
(115, 'amerikai-kínai kalandfilm'),
(116, 'magyar dokureality-sorozat'),
(117, 'amerikai krimi'),
(118, 'ausztrál szórakoztató műsor'),
(119, 'olasz-NSZK vígjáték'),
(120, 'amerikai tévéfilm'),
(121, 'dél-koreai-új-zélandi akciófilm'),
(122, 'művészeti műsor'),
(123, 'amerikai sci-fi minisorozat'),
(124, 'angol-amerikai reality-sorozat'),
(125, 'török kalandfilmsorozat'),
(126, 'angol animációs sorozat'),
(127, 'magyar vígjátéksorozat');

-- --------------------------------------------------------

--
-- Tábla szerkezet ehhez a táblához `users`
--

CREATE TABLE `users` (
  `id` int(11) NOT NULL,
  `username` varchar(20) COLLATE utf8_hungarian_ci NOT NULL,
  `password` varchar(100) COLLATE utf8_hungarian_ci NOT NULL,
  `email` varchar(100) COLLATE utf8_hungarian_ci NOT NULL,
  `full_name` varchar(100) COLLATE utf8_hungarian_ci NOT NULL,
  `profile_picture` varchar(255) COLLATE utf8_hungarian_ci DEFAULT NULL,
  `register_date` date NOT NULL
) ENGINE=InnoDB DEFAULT CHARSET=utf8 COLLATE=utf8_hungarian_ci;

--
-- A tábla adatainak kiíratása `users`
--

INSERT INTO `users` (`id`, `username`, `password`, `email`, `full_name`, `profile_picture`, `register_date`) VALUES
(1, 'username', 'Password1', 'meszi1031@gmail.com', 'Eurolakk 2002 kft.', './public/img/profile_images/d6360cde19b05d5a712c03277150baef', '0000-00-00'),
(6, 'user1', 'Kecske31', 'hulye31@gmail.com', 'Mészáros Patrik', './d6360cde19b05d5a712c03277150baef', '0000-00-00'),
(7, 'username2', 'Password1', 'kecske@gmail.com', 'joska', './public/img/profile_images/d6360cde19b05d5a712c03277150baef', '0000-00-00'),
(8, 'username0', 'Password1', 'kecske2@gmail.com', 'kecske mecske', '', '2018-11-25'),
(9, 'admin', '70ccd9007338d6d81dd3b6271621b9cf9a97ea00', 'admin@gmail.com', 'admin admin', '', '2018-11-25');

-- --------------------------------------------------------

--
-- Tábla szerkezet ehhez a táblához `users_favorites`
--

CREATE TABLE `users_favorites` (
  `user_id` int(11) NOT NULL,
  `channel_id` int(11) NOT NULL
) ENGINE=InnoDB DEFAULT CHARSET=utf8 COLLATE=utf8_hungarian_ci;

--
-- A tábla adatainak kiíratása `users_favorites`
--

INSERT INTO `users_favorites` (`user_id`, `channel_id`) VALUES
(1, 14),
(1, 15),
(1, 10),
(1, 6),
(1, 2),
(1, 4),
(1, 11),
(1, 5),
(9, 13);

--
-- Indexek a kiírt táblákhoz
--

--
-- A tábla indexei `actors`
--
ALTER TABLE `actors`
  ADD PRIMARY KEY (`id`);

--
-- A tábla indexei `channels`
--
ALTER TABLE `channels`
  ADD PRIMARY KEY (`id`);

--
-- A tábla indexei `channel_categories`
--
ALTER TABLE `channel_categories`
  ADD PRIMARY KEY (`id`);

--
-- A tábla indexei `shows`
--
ALTER TABLE `shows`
  ADD PRIMARY KEY (`id`),
  ADD KEY `channel_id` (`channel_id`);

--
-- A tábla indexei `show_categories`
--
ALTER TABLE `show_categories`
  ADD PRIMARY KEY (`id`);

--
-- A tábla indexei `users`
--
ALTER TABLE `users`
  ADD PRIMARY KEY (`id`);

--
-- A tábla indexei `users_favorites`
--
ALTER TABLE `users_favorites`
  ADD KEY `user_id` (`user_id`),
  ADD KEY `channel_id` (`channel_id`);

--
-- A kiírt táblák AUTO_INCREMENT értéke
--

--
-- AUTO_INCREMENT a táblához `actors`
--
ALTER TABLE `actors`
  MODIFY `id` int(11) NOT NULL AUTO_INCREMENT, AUTO_INCREMENT=99;

--
-- AUTO_INCREMENT a táblához `channels`
--
ALTER TABLE `channels`
  MODIFY `id` int(11) NOT NULL AUTO_INCREMENT, AUTO_INCREMENT=16;

--
-- AUTO_INCREMENT a táblához `channel_categories`
--
ALTER TABLE `channel_categories`
  MODIFY `id` int(11) NOT NULL AUTO_INCREMENT, AUTO_INCREMENT=4;

--
-- AUTO_INCREMENT a táblához `shows`
--
ALTER TABLE `shows`
  MODIFY `id` int(11) NOT NULL AUTO_INCREMENT, AUTO_INCREMENT=1288;

--
-- AUTO_INCREMENT a táblához `show_categories`
--
ALTER TABLE `show_categories`
  MODIFY `id` int(11) NOT NULL AUTO_INCREMENT, AUTO_INCREMENT=128;

--
-- AUTO_INCREMENT a táblához `users`
--
ALTER TABLE `users`
  MODIFY `id` int(11) NOT NULL AUTO_INCREMENT, AUTO_INCREMENT=10;
COMMIT;

/*!40101 SET CHARACTER_SET_CLIENT=@OLD_CHARACTER_SET_CLIENT */;
/*!40101 SET CHARACTER_SET_RESULTS=@OLD_CHARACTER_SET_RESULTS */;
/*!40101 SET COLLATION_CONNECTION=@OLD_COLLATION_CONNECTION */;
